date,open,high,low,close,volume
2015-01-02,99.6787,99.8093,99.2784,99.7529,1211259
2015-01-05,99.7986,99.9105,96.5849,97.1757,1165591
2015-01-06,97.2566,97.5114,95.7271,95.8077,1461567
2015-01-07,95.9516,96.0061,94.2225,94.3507,1543211
2015-01-08,94.4698,95.2526,94.1905,94.8911,1603483
2015-01-09,94.7031,95.5902,94.5437,95.3662,1645082
2015-01-12,95.1482,95.7341,94.9605,95.5474,1382112
2015-01-13,95.6422,97.0835,95.5014,96.8147,1564141
2015-01-14,96.8519,96.9598,96.6423,96.9142,1240638
2015-01-15,96.6936,97.0954,96.4637,96.5458,1299481
2015-01-16,96.3212,96.9197,96.1812,96.3067,1228991
2015-01-19,96.3937,96.9915,95.5856,95.696,1357917
2015-01-20,96.0415,97.1827,93.6321,94.1526,1525301
2015-01-21,93.9815,95.3804,93.3665,95.0515,1524565
2015-01-22,95.0451,96.8777,94.7736,96.0147,1503171
2015-01-23,96.1496,96.418,96.1436,96.2049,1394447
2015-01-26,96.0942,96.1875,94.8458,95.3222,1598453
2015-01-27,95.5221,97.223,95.4107,97.1595,1166186
2015-01-28,97.0483,98.0431,96.5388,97.6232,1242479
2015-01-29,97.7453,98.1153,95.4408,96.1025,1293651
2015-01-30,95.5659,96.1888,94.8505,95.4518,1454964
2015-02-02,95.2713,96.5152,95.1537,96.2572,1309831
2015-02-03,96.3709,96.5487,95.5,96.0223,1239630
2015-02-04,96.1377,97.0485,96.0764,96.4403,1456094
2015-02-05,96.4142,96.8127,96.3332,96.4011,1706488
2015-02-06,96.3677,97.3047,96.2357,97.0346,1473843
2015-02-09,96.7451,97.2332,96.5882,97.1524,1450342
2015-02-10,96.8155,97.6565,96.7465,97.1593,1179427
2015-02-11,97.0153,99.1114,96.6914,98.9026,1313028
2015-02-12,98.9827,100.8285,98.812,100.0722,1720691
2015-02-13,100.4375,100.682,99.0645,99.2893,1203373
2015-02-16,98.9281,99.5222,98.1403,98.2987,1349585
2015-02-17,97.8222,98.8212,96.8379,98.4274,1323293
2015-02-18,98.9542,100.361,98.0591,100.207,1429040
2015-02-19,100.7175,101.4586,100.4701,101.1642,1236286
2015-02-20,101.278,102.1499,101.0253,101.1132,1178323
2015-02-23,101.0629,101.5299,98.9917,99.8074,1217778
2015-02-24,99.9636,100.2648,98.232,99.0121,1525955
2015-02-25,99.2337,100.1519,99.1069,99.763,1418311
2015-02-26,99.6452,99.6799,99.3013,99.6362,1260554
2015-02-27,99.7055,100.5863,99.4125,100.1473,1186979
2015-03-02,100.0565,101.2937,99.6447,101.0735,1397518
2015-03-03,100.8478,101.6675,100.3584,101.5519,1243402
2015-03-04,101.444,101.672,100.2604,100.7671,1430858
2015-03-05,100.8989,101.5099,100.2344,100.6127,1639630
2015-03-06,100.6145,101.2554,99.6875,100.6019,1491249
2015-03-09,100.5699,100.8606,99.1063,99.8644,1453405
2015-03-10,100.2822,102.3963,99.8089,101.5296,1711293
2015-03-11,101.3312,101.5173,100.6778,100.6921,1220920
2015-03-12,100.5219,101.8376,100.0447,101.7725,1462048
2015-03-13,101.86,103.321,101.5335,102.6776,1669079
2015-03-16,102.4727,102.7154,100.8929,101.7318,1430313
2015-03-17,101.7647,101.8649,101.0724,101.3581,1666385
2015-03-18,101.5646,101.839,101.5288,101.6611,1292226
2015-03-19,101.9134,103.2478,101.7899,103.1892,1297994
2015-03-20,103.4991,103.6402,102.0835,102.4788,1525233
2015-03-23,102.5407,103.1879,102.3149,102.7535,1242701
2015-03-24,102.8205,103.0845,102.3481,102.7415,1379816
2015-03-25,102.9883,103.5082,102.7511,103.4901,1669177
2015-03-26,103.3688,103.806,103.3266,103.5828,1216686
2015-03-27,103.7459,103.846,103.5296,103.5909,1297128
2015-03-30,103.8726,104.191,103.8081,104.0463,1586048
2015-03-31,104.3029,104.5714,104.0772,104.4831,1712725
2015-04-01,104.4263,105.0323,103.6697,104.1381,1493901
2015-04-02,104.7164,104.8106,103.4191,103.5143,1358576
2015-04-03,103.681,104.1612,103.2385,103.8759,1505965
2015-04-06,103.9086,104.4109,103.1534,103.1684,1667788
2015-04-07,103.2744,103.8026,102.9341,103.1036,1552966
2015-04-08,103.2767,104.5119,103.1871,104.081,1397033
2015-04-09,103.7511,104.4431,103.6795,104.1479,1335618
2015-04-10,103.9426,104.3707,103.6489,103.7796,1270173
2015-04-13,104.0251,105.1801,103.3703,104.8132,1512573
2015-04-14,105.4921,106.336,104.9862,106.3289,1362313
2015-04-15,106.4779,106.8584,106.1616,106.2371,1268074
2015-04-16,106.3095,106.7132,104.5692,105.7994,1339148
2015-04-17,106.051,106.6879,105.554,106.5816,1653222
2015-04-20,106.6244,107.771,106.0996,107.6839,1335451
2015-04-21,108.1182,108.1455,105.961,106.5431,1387550
2015-04-22,106.5151,106.7533,104.7833,105.1899,1407199
2015-04-23,105.5904,106.1072,105.1169,105.3633,1537620
2015-04-24,105.3654,105.4615,104.8202,105.1072,1426412
2015-04-27,105.0699,105.7242,103.5243,103.9859,1519159
2015-04-28,104.3609,104.4185,103.3027,103.9003,1187611
2015-04-29,103.92,104.6285,103.5371,104.5251,1390345
2015-04-30,104.6522,106.2716,104.2641,105.8194,1253541
2015-05-01,105.7086,106.0976,105.566,105.6268,1502069
2015-05-04,105.6981,106.7401,104.3518,104.404,1429718
2015-05-05,104.0687,104.1717,102.8013,103.2006,1272908
2015-05-06,102.6345,103.3181,102.5042,102.6853,1634112
2015-05-07,102.5236,102.8333,102.3642,102.6048,1724184
2015-05-08,102.5741,103.3821,101.8453,103.2807,1172616
2015-05-11,103.4546,104.2464,102.5216,102.6696,1580846
2015-05-12,102.8184,102.8471,100.6306,101.7272,1231664
2015-05-13,102.0607,102.4124,101.1661,101.1917,1434084
2015-05-14,100.9156,101.3955,99.7259,100.2082,1425072
2015-05-15,99.7465,101.4703,99.6298,100.2987,1213708
2015-05-18,100.3623,100.6451,99.4873,99.9088,1435756
2015-05-19,99.8534,101.5185,99.4623,101.014,1695908
2015-05-20,100.8556,100.8803,100.2629,100.5219,1247107
2015-05-21,100.6463,100.9947,100.0298,100.8962,1439319
2015-05-22,101.0143,101.5792,99.648,101.1489,1407321
2015-05-25,101.452,102.104,100.9305,101.4874,1347472
2015-05-26,101.5051,101.8467,99.3751,99.9683,1635446
2015-05-27,99.9835,101.5511,98.856,101.3126,1236059
2015-05-28,101.2878,103.2535,100.9978,102.745,1302375
2015-05-29,103.1551,103.5735,101.6941,102.6069,1215512
2015-06-01,102.6039,103.0916,102.1602,103.0499,1737491
2015-06-02,103.4851,105.468,103.3953,104.8782,1317312
2015-06-03,105.0638,105.7213,103.645,104.1172,1347024
2015-06-04,104.0999,105.2563,104.0634,105.0512,1282955
2015-06-05,104.9311,105.6679,104.5685,105.5936,1731936
2015-06-08,105.4336,106.7128,105.3793,106.6446,1416617
2015-06-09,106.3767,108.0482,106.1844,107.4063,1475038
2015-06-10,107.34,107.7239,106.4256,106.5663,1492268
2015-06-11,106.8742,106.9493,106.3775,106.7501,1342364
2015-06-12,107.14,107.1649,105.982,106.1033,1430448
2015-06-15,106.4209,107.7747,106.4186,106.7093,1348242
2015-06-16,107.1944,108.7279,107.0468,108.3034,1660260
2015-06-17,108.7806,109.557,108.2559,108.4065,1688677
2015-06-18,108.5564,112.1735,106.5227,111.7263,1817016
2015-06-19,111.2715,112.2355,107.5062,107.8007,1446798
2015-06-22,107.8374,109.589,107.7417,108.9546,2030566
2015-06-23,108.1235,108.6753,105.7898,108.4956,1822041
2015-06-24,108.6448,108.9258,107.0071,107.4766,1839041
2015-06-25,107.1496,107.9745,105.9979,106.6957,1506171
2015-06-26,106.8799,107.5526,103.7426,103.9533,2044272
2015-06-29,103.9731,106.3778,103.4632,105.8197,2062129
2015-06-30,105.307,107.3764,104.2643,107.1921,1649171
2015-07-01,107.2606,108.9298,105.5702,107.2219,1714421
2015-07-02,107.5239,109.4717,106.5077,108.7996,1844907
2015-07-03,107.9419,109.0095,106.3432,108.2828,1837505
2015-07-06,108.2904,108.3269,105.34,106.9021,1880956
2015-07-07,106.8106,107.623,104.1242,105.1117,2082542
2015-07-08,105.222,107.1893,101.3675,102.1518,1902569
2015-07-09,102.3698,104.0868,97.0937,99.8507,1670339
2015-07-10,100.7866,100.887,99.6182,100.5727,1691601
2015-07-13,99.4071,102.5788,97.8902,101.0179,1477929
2015-07-14,101.5201,102.9042,98.4623,99.2564,1918986
2015-07-15,98.3563,98.7448,94.7525,95.5963,1689874
2015-07-16,95.6807,96.2441,95.6558,95.8202,1593856
2015-07-17,94.9481,96.9521,94.3187,96.2778,1633608
2015-07-20,96.6445,96.7503,94.3413,94.9679,1927766
2015-07-21,94.5916,96.4243,93.1306,93.8259,1655225
2015-07-22,94.0092,94.0441,92.0255,92.3147,2050294
2015-07-23,92.441,95.9531,92.0688,95.0988,1842736
2015-07-24,94.1736,94.4418,94.036,94.1968,1766940
2015-07-27,94.6562,97.1897,92.7336,97.1141,1618159
2015-07-28,97.1886,100.9809,94.6156,95.2827,1681046
2015-07-29,94.0091,95.518,90.0874,90.4071,1731510
2015-07-30,90.7887,92.9349,90.053,91.609,1614513
2015-07-31,91.1568,97.5738,90.2919,96.3808,1958911
2015-08-03,96.6176,96.8515,96.0655,96.4977,1945178
2015-08-04,96.8462,97.3512,94.9187,96.3277,1454368
2015-08-05,95.8439,100.1919,94.8801,99.1744,1954980
2015-08-06,99.5453,100.8551,97.945,99.0338,1542316
2015-08-07,98.9594,99.1097,97.3548,98.3943,1869798
2015-08-10,98.7588,99.5984,98.0245,98.9404,1632852
2015-08-11,98.4306,104.83,98.0653,102.5914,1646932
2015-08-12,102.3798,102.6909,100.371,100.7398,1751972
2015-08-13,100.878,105.3298,99.9787,103.6634,1712785
2015-08-14,104.6644,105.1191,102.0405,104.3576,2046324
2015-08-17,103.8159,104.2996,103.1311,103.1665,2099082
2015-08-18,102.4689,103.9123,98.6336,99.767,1898846
2015-08-19,99.7426,101.913,99.2201,101.3397,1933227
2015-08-20,101.4811,102.3515,100.2334,102.0466,1891282
2015-08-21,101.7752,101.8103,100.9356,101.3804,1749168
2015-08-24,101.1603,101.6553,98.0897,98.3593,2050875
2015-08-25,99.6955,102.7429,99.3902,101.4152,1668744
2015-08-26,101.7043,102.6798,98.4961,98.7695,1636798
2015-08-27,98.2019,98.5999,96.4421,96.4848,1499689
2015-08-28,97.1656,97.6312,93.0296,94.7613,1801095
2015-08-31,94.2476,96.9572,92.951,96.1037,2039456
2015-09-01,95.0287,96.4651,93.9755,95.9477,1659162
2015-09-02,95.0722,96.8905,94.8378,96.0987,1466785
2015-09-03,95.7769,96.1196,94.1392,94.5652,1880446
2015-09-04,93.5928,95.2306,93.519,94.3616,1407306
2015-09-07,94.6743,97.0308,94.4892,95.6943,1493791
2015-09-08,94.6358,95.0551,91.807,92.8884,1446893
2015-09-09,93.2591,93.8333,91.517,92.5349,1644482
2015-09-10,92.7847,96.2841,92.0737,95.7712,1862732
2015-09-11,95.0299,98.4687,94.5585,97.2557,1876908
2015-09-14,98.3401,99.2076,97.0414,97.2547,1702799
2015-09-15,97.922,98.0891,95.8881,96.9083,1543900
2015-09-16,97.1026,98.4952,96.2808,97.5234,1733350
2015-09-17,97.143,97.7769,93.6934,94.7573,1878679
2015-09-18,95.741,96.563,93.2503,93.7816,1694028
2015-09-21,93.2463,94.1367,92.4011,93.8437,1500079
2015-09-22,94.0664,96.7232,93.1293,96.4733,1406311
2015-09-23,96.0746,99.8093,94.9828,99.6204,1960815
2015-09-24,100.0575,101.3954,98.9826,99.1714,1661925
2015-09-25,98.1326,99.0885,96.0478,96.2299,1518142
2015-09-28,96.9847,97.4485,94.3671,95.7257,2077423
2015-09-29,96.1016,99.2516,95.6759,98.4425,1521470
2015-09-30,98.0921,99.0557,94.2439,95.1783,1405904
2015-10-01,95.5167,96.4562,93.6613,94.2899,1870892
2015-10-02,94.6442,96.561,94.2985,95.839,1893392
2015-10-05,95.7748,96.4046,93.2481,93.9201,2094406
2015-10-06,93.5142,96.9648,92.6229,96.4349,1938960
2015-10-07,95.8986,100.2073,95.8361,99.1805,2045148
2015-10-08,99.6776,101.1227,99.0799,100.3564,1999737
2015-10-09,100.7479,104.2163,99.9544,102.6091,1700281
2015-10-12,102.788,105.473,102.467,104.2125,1650802
2015-10-13,105.6611,105.985,104.4348,104.5556,1961268
2015-10-14,105.9613,106.6154,100.5924,102.4909,1565012
2015-10-15,102.1631,103.4697,100.0644,102.1981,1401449
2015-10-16,102.4537,104.1497,98.8802,100.1576,1586522
2015-10-19,99.9104,100.1225,98.8971,99.3134,1477825
2015-10-20,100.2979,101.5841,95.738,96.1572,2073305
2015-10-21,95.7829,95.7925,94.3573,95.373,1709500
2015-10-22,94.8937,95.3853,93.7443,95.0279,1682266
2015-10-23,95.3198,96.2206,92.6889,93.2335,1558436
2015-10-26,93.2608,93.7373,92.1458,92.9171,1996236
2015-10-27,92.3442,93.112,92.1421,92.8979,1952596
2015-10-28,93.653,94.5089,90.5514,91.1813,1588326
2015-10-29,91.075,93.8766,90.8491,92.5692,1959982
2015-10-30,92.0109,92.6954,91.3261,92.0741,1696387
2015-11-02,91.8201,92.388,91.4854,92.0776,1498975
2015-11-03,93.5163,94.7656,93.2638,93.6296,1983717
2015-11-04,94.0363,96.5959,92.9089,95.9208,1995278
2015-11-05,95.7484,95.9357,93.6396,94.8258,1687513
2015-11-06,94.5697,95.2739,94.4081,94.7154,1592923
2015-11-09,94.4286,94.6512,93.2508,93.7498,2075544
2015-11-10,93.6871,94.5645,92.1966,93.7802,2068776
2015-11-11,93.1341,95.1619,92.4094,92.7525,1796649
2015-11-12,93.5743,97.4859,93.5166,97.2652,1842414
2015-11-13,97.0879,100.4114,96.8275,98.999,1754777
2015-11-16,98.5252,99.5569,96.725,98.0015,1982660
2015-11-17,97.9066,98.6731,95.9084,98.5591,1842577
2015-11-18,98.6748,99.6832,98.4868,99.0776,1645097
2015-11-19,99.2376,100.9413,94.407,95.8872,1472790
2015-11-20,96.5196,98.6541,95.7866,98.2954,1568391
2015-11-23,97.8898,99.697,97.7094,99.4183,1961616
2015-11-24,99.4319,99.8301,96.6163,97.1162,1568328
2015-11-25,97.1348,99.6389,97.0687,98.5153,1482328
2015-11-26,98.9888,99.3033,96.4707,96.7244,1758329
2015-11-27,96.5244,98.3369,93.037,93.5422,1468185
2015-11-30,93.0667,94.2672,92.0484,93.3961,1676928
2015-12-01,93.9579,95.9105,93.8391,94.566,1658365
2015-12-02,93.5513,97.7619,92.1832,97.0944,1644791
2015-12-03,96.9519,97.4614,94.4463,95.436,1436215
2015-12-04,94.9314,96.043,94.0593,94.9911,2028544
2015-12-07,95.0189,95.1615,93.4067,94.454,1527352
2015-12-08,95.1946,98.0248,95.0246,96.5827,1717134
2015-12-09,95.3811,97.3282,89.9745,91.2736,1645059
2015-12-10,91.5386,92.8565,88.1183,89.5177,2033782
2015-12-11,90.0214,91.1453,85.9614,86.1916,2030109
2015-12-14,85.6585,85.9341,84.7652,85.1904,1671913
2015-12-15,85.8757,86.7794,85.5238,85.8414,1601777
2015-12-16,86.0013,88.4124,85.104,87.9702,1923403
2015-12-17,88.2855,88.6289,86.6904,87.0721,1922323
2015-12-18,86.9631,87.1805,82.9058,84.4801,1996891
2015-12-21,84.9088,88.2866,84.5685,88.2865,1553622
2015-12-22,88.2625,88.4248,85.6383,85.7805,2074085
2015-12-23,86.4532,91.4287,85.7545,91.0355,1441239
2015-12-24,90.8775,92.5418,88.3231,88.6263,1741653
2015-12-25,88.386,90.0019,87.8513,89.9717,1983647
2015-12-28,89.9091,91.7422,89.0978,91.2842,1539261
2015-12-29,91.0142,93.1033,90.5482,92.1828,1604583
2015-12-30,91.4999,94.446,91.3993,94.2241,1672225
2015-12-31,94.3671,96.23,94.1946,94.4272,1566552
2016-01-01,94.7068,96.148,93.9946,95.467,1722130
2016-01-04,95.0059,96.2808,93.6527,94.7934,1603746
2016-01-05,94.9359,96.1535,92.4824,95.5722,1763230
2016-01-06,95.8122,96.642,94.6867,94.9771,1956592
2016-01-07,93.8943,94.2145,91.6968,92.8933,1450600
2016-01-08,92.6904,94.8703,91.2348,91.6078,1776913
2016-01-11,92.2927,92.6791,90.2281,90.7738,1478821
2016-01-12,91.345,92.4864,88.0643,88.4137,1719235
2016-01-13,87.6157,89.4207,85.8635,87.9282,1663167
2016-01-14,87.7378,92.0203,86.9654,91.3564,1493493
2016-01-15,91.0662,91.4905,88.9202,89.4411,1663565
2016-01-18,88.877,91.7676,88.8189,91.6039,1529742
2016-01-19,92.0676,93.8965,91.4436,92.3257,1737654
2016-01-20,91.9433,92.8339,90.3271,92.5796,1721116
2016-01-21,92.6245,92.7181,92.1171,92.4006,1436409
2016-01-22,93.1425,95.0931,92.4469,92.6464,1829631
2016-01-25,92.5277,93.8783,90.6268,93.8091,1845665
2016-01-26,94.6732,95.1725,93.1907,94.4134,1426599
2016-01-27,93.7747,96.5679,92.1689,96.4443,1931102
2016-01-28,96.1464,96.4657,95.3267,96.3024,1527374
2016-01-29,96.2209,99.6624,95.0981,98.5386,1868490
2016-02-01,98.9931,100.7288,98.6117,100.2502,1415047
2016-02-02,100.3062,101.8996,99.1068,99.6285,1874235
2016-02-03,99.6754,99.9527,97.1816,97.7579,1750282
2016-02-04,97.7309,99.4084,96.1274,99.2054,1601353
2016-02-05,98.9899,100.9667,97.4518,98.1653,1761907
2016-02-08,98.1562,99.6201,95.4332,95.7135,1738628
2016-02-09,95.7899,97.1233,92.9004,94.1332,1623569
2016-02-10,94.269,99.6862,94.0533,99.2794,1594751
2016-02-11,99.6822,99.9751,97.868,98.0603,1873074
2016-02-12,97.7869,99.6643,97.1605,97.2351,2036797
2016-02-15,98.356,98.9002,96.1272,98.6859,1405032
2016-02-16,98.1132,101.3022,97.9414,99.8706,1674443
2016-02-17,99.7153,100.1791,97.8057,98.5701,1409693
2016-02-18,99.8703,100.3854,98.4541,99.1011,1803289
2016-02-19,99.3087,100.1036,99.1456,99.3961,1515357
2016-02-22,99.0947,99.1748,94.9074,96.1386,1567939
2016-02-23,95.4755,98.1703,93.929,97.9866,1603528
2016-02-24,98.7095,100.8133,98.0647,98.4522,1684059
2016-02-25,98.6318,100.0517,98.2435,99.2492,2084487
2016-02-26,100.162,100.6733,98.1937,99.7485,1461937
2016-02-29,99.0607,100.0143,96.247,96.4838,1560676
2016-03-01,96.2104,98.183,95.5365,97.7601,1709774
2016-03-02,97.138,101.9654,97.0048,100.0562,2069841
2016-03-03,100.1829,100.6095,97.2054,97.5258,1909526
2016-03-04,97.621,98.3852,94.5058,95.5798,2086924
2016-03-07,95.5437,95.9262,94.3914,94.9788,1567798
2016-03-08,95.6255,97.628,93.9027,94.749,1770035
2016-03-09,94.3958,95.4906,92.9548,94.2601,1741002
2016-03-10,94.4069,95.9433,94.2485,94.6593,1896921
2016-03-11,94.503,95.5065,93.9936,95.2758,1721737
2016-03-14,95.8769,96.3443,94.3542,96.1382,1445203
2016-03-15,95.4072,96.4818,93.0856,93.8938,1784910
2016-03-16,94.5499,96.4193,92.442,96.1207,1756988
2016-03-17,97.2151,98.8352,96.9899,98.4396,1640985
2016-03-18,97.7836,98.786,97.6084,98.0678,1819257
2016-03-21,97.5139,98.2086,96.1713,97.6578,1684172
2016-03-22,98.2785,98.2893,96.4755,98.0601,1436288
2016-03-23,98.0153,98.1708,96.4745,97.0956,1906887
2016-03-24,96.7135,97.2649,93.923,94.4416,1972934
2016-03-25,94.7465,98.0554,94.4319,96.3835,1797399
2016-03-28,97.0397,97.3776,95.9523,96.2463,1725947
2016-03-29,94.7837,96.739,94.6291,95.8803,1956059
2016-03-30,95.2237,95.7715,91.0337,91.3822,1593940
2016-03-31,91.0938,93.961,89.559,92.9738,1406186
2016-04-01,92.5388,93.8246,91.7098,93.6181,1693841
2016-04-04,93.1465,94.6601,91.879,94.1908,1994136
2016-04-05,93.7934,96.0983,91.9842,95.2783,1583973
2016-04-06,94.0296,95.264,92.9704,93.3082,1641427
2016-04-07,93.4611,93.7356,92.0499,92.8389,1456079
2016-04-08,92.9462,93.2106,90.8651,91.4451,1607355
2016-04-11,91.6315,93.484,88.7628,92.9639,2024564
2016-04-12,92.9885,93.8866,92.0282,92.1556,1502009
2016-04-13,92.5078,94.3863,91.2967,93.6968,1649134
2016-04-14,93.4112,94.4871,92.8402,93.6903,1917692
2016-04-15,93.8136,95.2824,93.3206,94.5165,1985300
2016-04-18,93.8345,94.2323,92.5389,93.0944,1618412
2016-04-19,93.3275,95.2417,92.1681,92.2441,1792529
2016-04-20,91.696,93.6884,91.4249,91.5938,2084318
2016-04-21,91.0437,92.1749,89.2609,90.6152,1454393
2016-04-22,89.415,91.4058,88.7118,89.8474,1413778
2016-04-25,90.3796,91.0624,88.6562,88.9394,2094897
2016-04-26,89.6872,90.2931,88.1565,89.4829,2067652
2016-04-27,90.1097,92.9361,89.3363,91.8398,1402021
2016-04-28,91.6864,92.1246,87.466,88.4943,1449210
2016-04-29,88.8669,90.9718,88.2446,90.7446,1526859
2016-05-02,89.7304,92.9079,87.9469,88.2207,1882571
2016-05-03,88.3402,88.7707,88.1512,88.2028,1497762
2016-05-04,88.209,88.8796,86.8246,88.4915,1271005
2016-05-05,88.0998,88.8374,88.0503,88.7893,1683138
2016-05-06,88.7121,89.9857,88.637,89.7656,1450920
2016-05-09,89.8954,90.1586,89.3463,90.1581,1345361
2016-05-10,89.8822,90.911,89.4678,90.1751,1668663
2016-05-11,90.322,90.7545,88.7329,89.1503,1613181
2016-05-12,88.6921,89.3411,88.155,88.389,1344250
2016-05-13,88.5067,89.9122,88.2715,89.4708,1738730
2016-05-16,89.3241,90.8182,89.2457,90.7106,1428330
2016-05-17,90.6982,90.8451,89.5381,89.6666,1323184
2016-05-18,89.6007,89.8709,88.3493,88.871,1299502
2016-05-19,88.5371,89.1734,88.2245,88.9144,1208778
2016-05-20,89.0991,89.1339,88.3481,88.8187,1514146
2016-05-23,89.1322,89.6272,88.9135,89.5062,1503275
2016-05-24,89.0824,90.8155,89.0585,90.3717,1510793
2016-05-25,90.3921,90.678,89.7493,90.2883,1620002
2016-05-26,90.071,90.3988,89.7689,90.3776,1589706
2016-05-27,90.0534,90.3236,89.8125,89.8827,1728361
2016-05-30,89.7097,90.2446,88.4215,90.2351,1479699
2016-05-31,90.9656,91.0641,90.5527,90.7705,1241501
2016-06-01,90.8035,91.7882,90.26,91.7818,1568485
2016-06-02,91.3277,91.3878,90.5855,91.0871,1343278
2016-06-03,90.8793,91.0906,90.3793,90.8365,1671822
2016-06-06,90.7438,91.0802,90.5953,90.7281,1495186
2016-06-07,90.7173,91.0739,90.3699,90.8226,1494689
2016-06-08,90.7943,91.9065,90.1911,91.3755,1713504
2016-06-09,91.2374,92.4455,91.203,92.0437,1499149
2016-06-10,92.1833,92.4711,91.3267,91.5924,1712127
2016-06-13,91.9564,92.8541,91.9395,92.7169,1290196
2016-06-14,92.34,93.6435,92.0848,93.4217,1525816
2016-06-15,93.2638,93.9761,92.9985,93.6101,1627386
2016-06-16,93.4043,94.1026,93.3947,93.6198,1586398
2016-06-17,93.2139,94.8378,92.2921,94.2849,1525631
2016-06-20,94.4687,95.0406,92.9905,93.0264,1649230
2016-06-21,92.9347,94.3184,92.8814,93.8991,1728534
2016-06-22,93.9742,94.1021,93.086,93.303,1188649
2016-06-23,93.343,93.4607,92.8213,93.1823,1203004
2016-06-24,92.934,93.35,91.5543,92.2679,1559106
2016-06-27,92.2038,92.4672,91.5792,91.7974,1640153
2016-06-28,91.8435,92.2134,91.4539,91.8816,1451124
2016-06-29,92.0631,92.4844,92.0139,92.198,1226275
2016-06-30,91.8192,93.227,91.6261,92.8301,1402207
2016-07-01,92.6171,92.947,91.5507,92.1133,1331059
2016-07-04,91.9825,92.2118,91.4462,91.9897,1521172
2016-07-05,92.062,93.2345,91.8972,92.6685,1525764
2016-07-06,92.6741,93.0058,92.663,92.9376,1214706
2016-07-07,92.9607,93.8331,92.9583,93.394,1383223
2016-07-08,93.1398,93.4085,93.0313,93.291,1466260
2016-07-11,93.3693,93.6336,92.4209,92.9186,1685583
2016-07-12,92.974,93.9885,92.1737,93.7505,1358079
2016-07-13,93.5198,95.0251,92.8409,94.6789,1455792
2016-07-14,94.7862,95.1583,94.1984,94.3206,1702715
2016-07-15,93.9861,94.1208,93.6362,93.77,1355987
2016-07-18,93.7478,94.7161,93.6372,94.5477,1374568
2016-07-19,94.4552,94.709,93.5106,94.1299,1552968
2016-07-20,94.4718,95.6831,94.2874,95.5839,1310536
2016-07-21,95.496,95.8983,94.9619,95.7152,1443024
2016-07-22,96.0427,96.1526,94.8743,95.4742,1420921
2016-07-25,95.4352,95.7162,93.5764,93.9828,1823872
2016-07-26,93.9055,94.6012,93.4537,93.9944,1472502
2016-07-27,93.968,94.1239,92.4079,92.5805,1500954
2016-07-28,92.7092,94.5521,92.2391,93.9745,1414728
2016-07-29,93.673,93.7186,93.3724,93.6915,1559086
2016-08-01,93.6392,94.6974,93.5782,94.612,1345124
2016-08-02,94.8022,95.9735,94.5194,94.883,1767887
2016-08-03,94.5335,95.4852,94.1522,95.0914,1369483
2016-08-04,95.1576,95.3097,93.7689,94.3465,1585413
2016-08-05,94.2526,95.5547,93.711,95.1564,1484974
2016-08-08,95.3649,95.59,93.2796,93.8499,1321568
2016-08-09,93.8235,95.2035,93.5948,94.8321,1545488
2016-08-10,94.7724,95.7129,94.2002,95.4006,1538093
2016-08-11,95.7515,96.1854,93.8387,94.5003,1590550
2016-08-12,94.7298,96.709,94.6349,96.2122,1516437
2016-08-15,96.4524,97.1183,96.2309,96.6568,1232005
2016-08-16,96.4039,97.2817,96.1862,96.2373,1817601
2016-08-17,96.2659,96.8648,95.553,95.8691,1475476
2016-08-18,95.4696,97.226,95.3622,96.5812,1576141
2016-08-19,95.9036,97.2032,95.876,96.5209,1706022
2016-08-22,96.5486,97.0787,96.2723,96.8681,1294769
2016-08-23,96.9849,97.5798,95.7637,96.077,1788022
2016-08-24,96.0653,96.1927,94.1932,95.3508,1652830
2016-08-25,95.8295,96.0219,95.0552,95.2676,1556311
2016-08-26,95.072,97.37,94.0217,96.539,1520063
2016-08-29,96.245,97.3788,95.4842,97.1067,1322618
2016-08-30,96.8996,97.6776,96.8111,97.6638,1239291
2016-08-31,97.9339,100.465,97.9189,100.3292,1287926
2016-09-01,101.0031,101.4032,98.2069,99.0799,1593036
2016-09-02,98.3747,98.8116,97.7172,98.0647,1253580
2016-09-05,98.2372,98.5791,97.4858,97.7317,1286978
2016-09-06,97.8996,98.2384,97.4881,97.8289,1594979
2016-09-07,97.6332,101.3947,97.4,100.703,1683812
2016-09-08,100.5427,100.7373,100.408,100.4598,1615441
2016-09-09,100.2299,101.052,99.9045,100.6033,1707131
2016-09-12,101.0209,101.3227,100.1276,100.1713,1350267
2016-09-13,100.0358,100.2121,98.9463,99.9341,1784528
2016-09-14,100.264,100.6561,98.8658,99.5123,1430311
2016-09-15,100.0212,100.5212,99.7065,100.1851,1652285
2016-09-16,99.8482,100.0618,98.585,98.9441,1442705
2016-09-19,99.0693,99.5697,98.5191,98.7213,1235178
2016-09-20,98.7514,99.3812,98.4122,98.4506,1574224
2016-09-21,97.9657,99.0279,97.6559,98.3348,1417723
2016-09-22,98.428,99.9172,97.1263,98.8007,1634669
2016-09-23,99.0536,99.4042,98.0399,98.1628,1739368
2016-09-26,98.3966,98.5566,97.4285,97.7194,1470554
2016-09-27,97.6146,98.3679,96.3765,97.2668,1398515
2016-09-28,97.4645,97.6145,96.4252,96.6258,1489931
2016-09-29,96.7836,97.1106,96.3348,96.512,1247190
2016-09-30,96.7133,97.2547,94.8055,95.8418,1279045
2016-10-03,95.9721,96.3876,94.3879,95.2994,1433659
2016-10-04,95.3701,95.8238,94.5698,95.5891,1569543
2016-10-05,95.4129,95.8986,95.2763,95.4634,1766539
2016-10-06,94.7773,95.9734,94.2654,95.7463,1771817
2016-10-07,95.5562,96.2455,93.7258,94.4054,1662796
2016-10-10,94.3699,94.7458,93.9024,94.5968,1664220
2016-10-11,94.7874,96.3673,93.9518,94.9929,1591207
2016-10-12,95.3506,97.2343,94.622,97.0738,1820152
2016-10-13,96.7164,98.5247,96.5273,97.4223,1501513
2016-10-14,97.3745,99.0488,97.2052,97.5986,1590420
2016-10-17,97.3307,99.3745,97.1812,98.7599,1491191
2016-10-18,98.6018,98.6371,96.769,97.0728,1317045
2016-10-19,96.6861,97.2946,95.9513,96.9819,1758478
2016-10-20,96.836,97.0157,96.081,96.4864,1429511
2016-10-21,96.5484,96.8129,95.1026,95.8597,1526595
2016-10-24,96.1423,98.9789,95.3132,97.7084,1694993
2016-10-25,98.5639,100.7344,98.2563,99.6148,1338142
2016-10-26,99.7848,100.0097,99.5933,99.8153,1682652
2016-10-27,99.3921,99.5855,98.0905,98.5246,1447778
2016-10-28,98.4811,99.1823,97.3085,98.0982,1775368
2016-10-31,98.2014,99.5454,97.336,99.4533,1253147
2016-11-01,99.8498,101.7389,99.5241,100.8781,1799645
2016-11-02,100.6134,101.4863,100.5122,101.1329,1564407
2016-11-03,101.13,101.6299,99.744,99.8845,1242361
2016-11-04,99.8571,100.2971,99.4445,99.5728,1771290
2016-11-07,99.6131,101.316,99.2687,100.6459,1291484
2016-11-08,100.3914,101.1531,99.8035,100.063,1676339
2016-11-09,100.3978,101.157,99.607,100.2677,1716514
2016-11-10,100.399,101.8218,100.3395,101.0925,1501919
2016-11-11,101.2972,101.5634,101.0693,101.36,1234217
2016-11-14,100.9953,101.2754,100.7784,101.005,1573079
2016-11-15,101.3988,104.3861,101.1456,104.3201,1320353
2016-11-16,104.7174,105.2439,102.844,103.7772,1627492
2016-11-17,104.1253,104.597,103.2713,103.8229,1412440
2016-11-18,103.9519,105.4178,103.0185,105.0634,1595660
2016-11-21,105.4419,106.2353,104.9632,104.9798,1394949
2016-11-22,104.2662,105.3584,103.105,103.532,1819017
2016-11-23,103.3955,104.1684,102.6447,103.2728,1656627
2016-11-24,102.9366,102.9526,101.5555,102.0394,1602645
2016-11-25,102.2507,104.7829,101.3892,103.5601,1517846
2016-11-28,103.7928,104.599,102.2206,102.9591,1815430
2016-11-29,102.7304,103.0473,101.8731,102.2752,1559270
2016-11-30,102.5512,102.9514,100.908,100.9356,1538743
2016-12-01,101.0225,101.8666,100.5125,100.5449,1670423
2016-12-02,100.5908,101.0315,99.6387,100.1303,1652536
2016-12-05,100.1709,100.233,98.3053,99.615,1605332
2016-12-06,99.2189,100.4252,98.6517,100.4129,1233333
2016-12-07,101.0362,101.4053,100.9233,100.9923,1352686
2016-12-08,100.3773,100.4471,97.7602,98.3026,1714164
2016-12-09,98.0656,99.0296,95.5282,95.8282,1283999
2016-12-12,95.2199,95.9764,94.2137,94.9318,1470098
2016-12-13,94.6714,95.9838,94.5284,95.594,1412990
2016-12-14,95.6108,97.8033,95.2473,97.7987,1546634
2016-12-15,97.6173,98.0961,96.5266,96.902,1300994
2016-12-16,96.3039,96.8535,95.6281,95.6811,1245184
2016-12-19,95.4639,96.2225,95.3939,96.2155,1292713
2016-12-20,95.8357,95.9202,94.9521,95.3051,1684208
2016-12-21,95.0288,97.0591,94.6552,96.326,1605116
2016-12-22,96.0038,96.4534,93.939,94.7513,1573766
2016-12-23,94.4937,96.4049,93.9745,95.9718,1531876
2016-12-26,96.2721,96.5068,94.3023,94.831,1730518
2016-12-27,95.1177,96.3735,94.394,95.8219,1246837
2016-12-28,95.7756,96.623,95.6638,96.4832,1402793
2016-12-29,96.6626,97.1593,95.3796,95.8907,1412901
2016-12-30,96.1456,99.2447,95.7764,99.228,1804079
2017-01-02,99.4946,99.73,97.6627,98.4065,1515971
2017-01-03,98.5595,101.2345,98.5392,100.729,1466660
2017-01-04,100.4677,100.4917,99.6014,100.1218,1419854
2017-01-05,100.3108,101.2394,99.8295,100.9865,1826750
2017-01-06,101.3463,103.5285,100.9652,102.926,1586021
2017-01-09,102.7248,104.1559,102.1485,104.0868,1800137
2017-01-10,103.659,104.0279,102.861,103.0215,1540981
2017-01-11,103.5145,103.8049,103.3228,103.7932,1701653
2017-01-12,104.0465,104.2639,103.656,104.112,1592452
2017-01-13,104.4829,105.2919,103.656,104.9968,1756615
2017-01-16,105.1062,105.3861,104.573,105.3067,1563202
2017-01-17,104.7348,107.41,104.1597,106.7432,1641614
2017-01-18,106.7014,108.6224,106.5974,107.8537,1606953
2017-01-19,108.1241,109.632,106.8847,109.1033,1795427
2017-01-20,108.2764,109.2243,106.767,107.8141,1578384
2017-01-23,108.0357,109.214,106.6858,109.0341,1695142
2017-01-24,109.1111,109.7535,109.0158,109.3104,1621320
2017-01-25,108.6569,109.235,108.3369,108.4413,1640643
2017-01-26,108.474,109.0782,106.0463,106.8314,1400723
2017-01-27,106.6673,107.6486,104.0766,104.2015,1596187
2017-01-30,104.9922,105.0432,104.1385,104.7327,1350911
2017-01-31,104.0358,104.8173,103.5315,104.4455,1711570
2017-02-01,104.2227,104.6264,103.631,103.7579,1809801
2017-02-02,103.0265,104.9213,102.778,104.4868,1746454
2017-02-03,104.3566,104.4967,101.9028,102.4988,1614805
2017-02-06,102.6954,103.0031,102.4808,102.6176,1800154
2017-02-07,102.6824,104.6809,102.491,104.3095,1707255
2017-02-08,104.5815,107.3667,103.8431,106.6898,1262560
2017-02-09,106.2411,108.9732,105.9767,108.3506,1275268
2017-02-10,108.2155,108.7074,107.7155,108.1001,1316250
2017-02-13,108.1758,109.5252,107.3652,107.8601,1332042
2017-02-14,107.1069,107.1292,104.8892,105.6831,1378721
2017-02-15,105.4188,105.6994,104.7708,104.9416,1303465
2017-02-16,104.9529,106.736,104.6631,106.4405,1531580
2017-02-17,106.6942,107.2744,105.4048,105.4779,1522018
2017-02-20,105.8461,107.1296,105.0817,106.2183,1340525
2017-02-21,106.1537,106.3604,105.2518,105.9735,1281438
2017-02-22,106.0845,106.7985,105.6183,105.8547,1380239
2017-02-23,106.1215,106.5636,106.0235,106.246,1705123
2017-02-24,106.0863,106.4904,105.0676,105.7233,1490721
2017-02-27,105.3876,106.066,104.2121,105.474,1664077
2017-02-28,105.2964,106.6712,104.2782,105.8336,1434014
2017-03-01,105.784,105.9192,105.2169,105.2233,1376125
2017-03-02,105.126,105.9149,103.272,103.6978,1293544
2017-03-03,103.3485,103.8616,102.5791,103.4745,1709877
2017-03-06,103.6379,104.5513,103.1188,103.169,1496720
2017-03-07,102.7616,103.682,102.4675,103.4346,1552214
2017-03-08,102.7961,103.9977,102.6565,102.8792,1693474
2017-03-09,102.8181,102.8478,100.4643,100.4833,1388918
2017-03-10,100.2509,101.5997,100.0499,100.8424,1584882
2017-03-13,100.67,101.2523,100.5782,101.149,1553119
2017-03-14,100.7171,101.0244,98.4641,98.7891,1490397
2017-03-15,98.9601,99.2537,97.9762,98.0798,1340905
2017-03-16,98.347,98.6921,95.6724,96.5581,1615184
2017-03-17,96.3158,96.9109,96.2298,96.8654,1246688
2017-03-20,96.7222,97.0269,95.9721,96.1759,1786471
2017-03-21,95.9562,96.769,94.4647,95.0715,1419062
2017-03-22,95.369,97.2109,94.6776,97.1155,1287103
2017-03-23,97.1636,98.222,96.7946,97.0834,1305704
2017-03-24,96.8804,99.7056,96.6685,99.5552,1352620
2017-03-27,99.6602,101.1952,99.3599,100.4339,1558494
2017-03-28,100.8238,101.0883,99.6839,99.7711,1335462
2017-03-29,99.5578,99.5581,98.3091,99.4405,1698152
2017-03-30,100.0494,102.3131,99.1292,101.9187,1265391
2017-03-31,102.3088,102.3807,100.6311,101.1814,1743914
2017-04-03,100.7936,101.5423,100.6824,101.1054,1769569
2017-04-04,101.2037,101.2325,99.508,100.0957,1562575
2017-04-05,99.9355,101.1636,99.847,100.9419,1664460
2017-04-06,101.6293,104.2195,101.4887,103.6609,1246049
2017-04-07,103.5709,104.5838,102.8562,103.2442,1456106
2017-04-10,103.2044,103.2809,101.4861,102.8455,1303673
2017-04-11,102.6944,103.0119,101.8232,102.6719,1537686
2017-04-12,102.6888,102.7568,101.6655,101.782,1703195
2017-04-13,101.4958,101.7083,100.8003,100.9502,1317197
2017-04-14,100.3347,100.9912,97.9482,98.3549,1334115
2017-04-17,98.022,98.2437,97.028,98.1797,1787779
2017-04-18,98.0706,100.4885,97.7508,100.3697,1720295
2017-04-19,100.272,101.1225,99.2733,99.7636,1776937
2017-04-20,99.9945,100.0274,97.2105,98.5213,1700481
2017-04-21,98.8117,99.136,97.933,98.1819,1344349
2017-04-24,98.1854,99.63,98.0179,99.0711,1703171
2017-04-25,99.5202,99.7763,98.3215,98.5473,1787614
2017-04-26,98.7142,101.5548,98.097,101.1462,1467048
2017-04-27,100.7445,100.7502,99.3231,100.1282,1269735
2017-04-28,99.9374,100.1235,99.3082,99.4991,1712346
2017-05-01,99.5869,99.7465,97.926,99.2732,1437928
2017-05-02,99.8254,100.8411,99.662,99.8853,1677258
2017-05-03,99.2993,99.9532,98.7588,99.9097,1535908
2017-05-04,99.7636,100.9496,99.3763,100.4107,1307404
2017-05-05,100.2818,100.345,99.4511,99.8925,1815517
2017-05-08,100.3615,100.692,99.7099,99.8364,1467064
2017-05-09,100.1764,101.6267,99.724,101.4257,1687774
2017-05-10,101.1487,101.5543,99.8674,99.9182,1286562
2017-05-11,99.6634,99.7628,96.5588,97.6321,1359846
2017-05-12,97.3465,98.0397,96.0687,96.3871,1751123
2017-05-15,96.3931,97.1922,95.6125,96.3776,1265017
2017-05-16,96.275,97.7349,96.185,97.3278,1307333
2017-05-17,97.4905,98.3655,97.4186,97.9119,1754756
2017-05-18,97.9801,100.0534,97.6526,99.377,1277539
2017-05-19,99.1646,100.7201,99.0625,99.8885,1437376
2017-05-22,100.1448,100.5317,98.329,98.7498,1391081
2017-05-23,98.7872,99.3427,98.5416,99.1102,1232195
2017-05-24,98.8804,99.2701,97.0883,97.1169,1431932
2017-05-25,96.9106,97.3528,95.0454,96.041,1710381
2017-05-26,96.3568,98.2562,96.1581,98.1389,1615655
2017-05-29,98.137,98.8513,97.7987,98.5775,1502496
2017-05-30,98.1017,98.3381,96.118,96.9228,1386072
2017-05-31,97.103,97.2323,95.9648,96.7353,1807438
2017-06-01,97.2547,99.7702,96.922,98.9888,1448979
2017-06-02,98.7617,99.3426,98.1095,99.1452,1707018
2017-06-05,98.9728,101.4604,98.9424,100.5,1692750
2017-06-06,101.0165,101.9177,100.8114,101.3033,1571537
2017-06-07,101.0731,101.5832,100.1187,100.317,1717692
2017-06-08,100.0531,100.5754,99.7625,100.3143,1596535
2017-06-09,100.9998,102.3998,100.954,101.6361,1303866
2017-06-12,101.2515,102.0075,99.0699,100.2245,1637250
2017-06-13,99.8799,100.1874,99.3972,100.0899,1264949
2017-06-14,100.6411,102.1089,99.8501,99.9122,1706967
2017-06-15,100.0812,101.9762,100.013,101.3177,1784920
2017-06-16,101.3688,102.5996,101.339,101.6511,1740571
2017-06-19,102.0516,104.1601,101.2632,103.4365,1367615
2017-06-20,102.7779,103.104,102.5818,103.0718,1748753
2017-06-21,102.667,103.3688,102.009,102.8322,1287962
2017-06-22,102.7707,103.5579,101.244,103.2938,1581670
2017-06-23,102.9975,103.7006,101.2766,101.9898,1717387
2017-06-26,102.3457,102.8264,101.7492,102.4934,1661837
2017-06-27,102.7198,103.1978,100.1045,100.7504,1700358
2017-06-28,100.8567,102.0537,100.6639,101.4677,1495918
2017-06-29,101.3412,103.278,100.7723,102.0355,1553509
2017-06-30,101.5719,103.4642,100.9415,102.4769,1436701
2017-07-03,101.8254,102.8613,101.174,101.9235,1369355
2017-07-04,101.9566,103.0648,101.9075,102.8235,1653814
2017-07-05,102.5492,104.8484,102.2417,104.685,1662379
2017-07-06,104.8636,105.8399,104.0722,105.258,1804418
2017-07-07,105.2972,106.8771,104.9841,106.4458,1817511
2017-07-10,106.4932,107.4957,105.9847,107.0414,1374596
2017-07-11,106.8231,107.2943,106.1965,106.8634,1403673
2017-07-12,106.7504,106.804,104.3314,105.0032,1657275
2017-07-13,105.3905,106.3984,104.475,104.7162,1713606
2017-07-14,105.4912,106.2575,104.6113,104.9677,1424752
2017-07-17,104.4135,107.3886,104.0858,106.6601,1767829
2017-07-18,107.0277,107.3933,105.095,105.57,1628212
2017-07-19,105.4017,107.7307,105.071,106.9444,1225468
2017-07-20,106.7477,107.3557,104.7635,104.948,1724201
2017-07-21,105.227,106.1579,104.9475,105.6499,1610189
2017-07-24,105.6628,108.4916,104.8224,106.8293,1553363
2017-07-25,107.1318,108.2151,106.7486,107.7193,1476194
2017-07-26,107.5866,109.3685,107.0903,109.1448,1252589
2017-07-27,109.2301,110.677,108.2812,110.5549,1801773
2017-07-28,110.6602,110.8653,109.6877,110.8184,1348816
2017-07-31,110.8452,111.691,110.3122,110.5204,1275230
2017-08-01,110.0621,111.315,109.9347,110.7818,1748264
2017-08-02,111.1082,112.7309,110.2406,112.1729,1628320
2017-08-03,112.3517,114.007,111.229,113.7172,1752743
2017-08-04,113.8692,115.9612,113.7174,115.1243,1267965
2017-08-07,114.7453,115.9994,114.1108,115.323,1802584
2017-08-08,115.292,115.3586,113.551,114.096,1281024
2017-08-09,114.3255,115.1707,110.9698,111.1882,1593372
2017-08-10,110.9358,112.3205,108.5935,109.6607,1692764
2017-08-11,109.8794,110.1925,109.5552,110.0423,1319336
2017-08-14,109.8246,110.877,109.2989,110.1204,1598839
2017-08-15,109.8073,109.9255,106.5391,106.989,1812722
2017-08-16,107.5606,107.5913,104.2536,104.3132,1315201
2017-08-17,104.0668,104.1975,101.0954,102.3384,1500021
2017-08-18,102.2942,105.8515,101.445,105.6552,1578543
2017-08-21,105.8549,106.7525,104.2437,104.8655,1748509
2017-08-22,105.0582,106.5821,104.8268,105.4645,1280422
2017-08-23,104.9773,105.0003,104.401,104.632,1807290
2017-08-24,104.6509,105.8514,103.4214,105.4544,1795969
2017-08-25,105.7906,105.8866,104.6538,104.9148,1408952
2017-08-28,105.3017,107.3178,105.0154,106.6889,1325950
2017-08-29,106.7766,109.0619,106.5902,108.1532,1739770
2017-08-30,108.3405,109.4329,108.2946,108.5142,1552296
2017-08-31,108.2605,108.9665,106.7663,106.9018,1386233
2017-09-01,106.925,108.3587,106.5964,108.0619,1322658
2017-09-04,108.5396,109.2214,107.1779,107.2326,1391786
2017-09-05,106.8463,107.6321,106.7581,107.3054,1615862
2017-09-06,107.3121,107.5189,106.8134,107.0493,1726935
2017-09-07,106.9921,108.3357,106.5312,107.4526,1266604
2017-09-08,107.3617,109.0073,106.0994,108.4477,1656907
2017-09-11,108.649,108.9025,106.1482,106.8436,1517464
2017-09-12,106.9924,108.0499,106.6662,107.7067,1685474
2017-09-13,108.4229,109.4933,107.725,109.1166,1741151
2017-09-14,108.5622,110.4448,108.131,109.4156,1235084
2017-09-15,109.4821,110.1546,108.3602,108.5067,1647476
2017-09-18,108.4036,110.1203,107.7305,108.6738,1801855
2017-09-19,108.907,110.0114,108.8281,109.1704,1302678
2017-09-20,108.8128,109.4884,108.0049,109.0724,1613236
2017-09-21,108.918,110.7399,108.4528,110.153,1239568
2017-09-22,109.7122,110.9894,108.8767,109.2994,1341736
2017-09-25,108.9394,109.108,107.1678,108.2879,1757251
2017-09-26,107.8924,109.4294,107.3966,108.9172,1281446
2017-09-27,109.0969,110.6915,109.0311,109.8489,1284125
2017-09-28,109.8741,110.1381,108.2965,108.9618,1806654
2017-09-29,108.7184,108.9883,107.2247,107.4762,1605479
2017-10-02,107.9064,108.1765,106.8378,107.1475,1561365
2017-10-03,107.5702,109.7784,107.1758,108.7878,1809215
2017-10-04,108.1393,110.7653,107.5987,109.1674,1442878
2017-10-05,109.416,109.5129,109.1365,109.2133,1617353
2017-10-06,109.3146,109.9029,108.7639,109.7722,1742984
2017-10-09,110.3745,111.4302,109.9173,110.8228,1604508
2017-10-10,110.5296,110.8799,108.7279,109.1912,1522237
2017-10-11,108.8084,111.2638,108.5734,110.9456,1672489
2017-10-12,110.814,112.2007,110.5605,111.7632,1633149
2017-10-13,111.7065,112.1137,111.1288,111.9119,1261429
2017-10-16,112.2734,112.7961,110.9013,111.3746,1803006
2017-10-17,110.8755,112.3966,110.1106,111.3282,1401912
2017-10-18,111.0368,113.9897,110.2885,112.97,1352527
2017-10-19,113.7729,114.4654,112.6038,112.7072,1747674
2017-10-20,112.261,113.2466,112.0165,112.7303,1533414
2017-10-23,112.6818,112.8162,109.7353,109.9943,1801089
2017-10-24,109.7713,110.5003,107.5347,108.1328,1500667
2017-10-25,107.9661,108.3131,107.7141,107.7428,1240234
2017-10-26,107.3625,107.9173,104.571,105.4195,1452261
2017-10-27,105.2211,105.3015,103.9492,104.2226,1819951
2017-10-30,104.0235,104.9091,102.2764,102.6916,1352037
2017-10-31,102.4423,102.7635,100.3866,101.5223,1293752
2017-11-01,101.3346,102.4927,100.7542,102.0028,1775455
2017-11-02,102.2909,103.0438,101.5623,102.3167,1402892
2017-11-03,102.6,103.8695,102.3778,103.1779,1554090
2017-11-06,103.6114,103.6308,101.5972,102.0496,1274648
2017-11-07,102.1467,102.8209,101.979,102.6103,1397642
2017-11-08,102.209,102.7709,100.4838,100.7187,1631316
2017-11-09,100.2316,101.7501,99.673,101.4115,1461364
2017-11-10,101.4923,101.5556,98.3401,98.7178,1356257
2017-11-13,98.7598,99.1622,96.8904,97.7915,1460894
2017-11-14,97.5524,98.0479,95.7629,96.7289,1482803
2017-11-15,96.4804,97.0983,95.7296,96.6699,1688973
2017-11-16,96.8899,97.8098,96.5649,97.4738,1291724
2017-11-17,97.345,98.6755,97.2677,98.5372,1339722
2017-11-20,99.0859,99.7445,98.781,99.6633,1754847
2017-11-21,100.4517,102.4374,99.747,102.3664,1509585
2017-11-22,102.1895,102.565,101.3754,102.1475,1647942
2017-11-23,102.3669,103.4521,102.0464,103.1467,1488676
2017-11-24,103.198,103.6859,101.4703,101.9372,1822853
2017-11-27,101.7506,102.7341,99.3604,99.5593,1727612
2017-11-28,99.435,100.5632,99.2418,100.2968,1771000
2017-11-29,100.1619,100.8959,99.457,99.7646,1522479
2017-11-30,99.761,100.9735,98.434,100.6686,1553788
2017-12-01,100.8497,101.6844,100.3194,101.1351,1732691
2017-12-04,100.8406,101.0121,98.9432,99.6582,1232182
2017-12-05,99.7307,102.1182,99.1838,101.554,1348840
2017-12-06,101.6577,102.8664,100.4517,101.3599,1276493
2017-12-07,101.3008,101.4756,101.1687,101.3639,1757396
2017-12-08,101.0447,103.0563,100.6529,102.7453,1778924
2017-12-11,102.4555,103.6292,101.6285,103.2865,1608628
2017-12-12,103.016,103.2582,101.655,102.1543,1749457
2017-12-13,102.4422,102.6891,100.4507,101.0113,1529696
2017-12-14,100.7169,103.4331,100.2592,103.0517,1227188
2017-12-15,103.3974,103.7208,101.6247,101.8716,1467366
2017-12-18,102.277,105.0586,101.6657,104.0459,1361219
2017-12-19,104.0727,104.957,103.5111,104.6476,1243099
2017-12-20,104.7703,106.1522,104.7304,105.764,1697513
2017-12-21,105.6811,107.0562,104.6344,106.6842,1432787
2017-12-22,106.86,108.0963,106.6833,107.731,1297042
2017-12-25,107.7609,108.7442,107.7091,108.0844,1781887
2017-12-26,108.3538,108.912,107.6762,108.2057,1719901
2017-12-27,108.2131,109.5083,106.8492,106.9681,1594489
2017-12-28,107.3007,108.3764,105.8935,106.2223,1332604
2017-12-29,106.8071,106.9132,105.6355,106.514,1803083
2018-01-01,106.5571,107.2146,104.6807,105.1475,1380443
2018-01-02,105.1632,105.5237,104.0252,104.4094,1795421
2018-01-03,105.0421,105.2227,104.0215,104.1826,1471406
2018-01-04,104.4164,104.9072,103.2313,104.7495,1755224
2018-01-05,104.7206,106.4833,104.1062,105.2278,1411042
2018-01-08,105.9152,106.5047,105.3776,105.8638,1828578
2018-01-09,105.5805,106.1651,104.5611,105.7396,1483683
2018-01-10,105.8991,106.1046,105.64,105.8192,1554142
2018-01-11,105.8489,107.379,105.6602,106.8862,1692850
2018-01-12,106.6008,107.9779,106.0172,107.1999,1665968
2018-01-15,106.8485,107.4582,104.3571,104.9061,1401162
2018-01-16,104.8963,105.2333,102.7122,104.3242,1344828
2018-01-17,104.0602,104.3821,102.6121,102.8995,1727534
2018-01-18,102.7242,102.8564,101.3635,102.3646,1259224
2018-01-19,101.5076,101.8309,100.4725,101.7686,1373559
2018-01-22,101.9441,104.01,101.4085,103.3388,1389421
2018-01-23,103.0669,103.1598,101.6798,102.1484,1378848
2018-01-24,101.8995,102.656,101.3896,101.6422,1674759
2018-01-25,101.9324,102.0052,101.108,101.374,1303230
2018-01-26,101.5952,101.7728,101.4498,101.7459,1236922
2018-01-29,102.1403,103.2887,101.7413,102.8825,1669018
2018-01-30,102.9101,103.3348,100.3706,100.9996,1525651
2018-01-31,100.926,102.073,100.1849,101.4029,1541694
2018-02-01,101.184,102.231,100.1756,100.5472,1356938
2018-02-02,100.3037,100.8537,100.2601,100.5604,1431393
2018-02-05,100.6462,101.2738,100.3496,101.0158,1556096
2018-02-06,100.8262,101.0525,99.8605,99.9545,1806912
2018-02-07,99.2916,99.6226,99.0089,99.1679,1625200
2018-02-08,98.9742,99.7571,98.927,99.1076,1649138
2018-02-09,99.4149,99.5146,99.222,99.2648,1263736
2018-02-12,99.0176,99.2844,97.2084,97.8014,1780560
2018-02-13,98.2875,98.6121,97.2131,97.6855,1430165
2018-02-14,97.6849,97.8156,94.0997,94.7154,1257796
2018-02-15,94.73,96.4638,94.2868,96.1472,1521771
2018-02-16,96.0334,96.1227,94.8257,95.8161,1607750
2018-02-19,96.2618,97.3859,94.7411,95.3842,1488584
2018-02-20,94.9812,95.161,92.8927,93.9471,1624286
2018-02-21,94.1188,94.2512,92.6263,93.3357,1806543
2018-02-22,93.4045,93.7329,93.3765,93.714,1433675
2018-02-23,93.2455,93.7851,92.4747,92.5031,1287939
2018-02-26,92.3976,92.926,90.855,90.9102,1763625
2018-02-27,90.7498,91.5149,89.5796,90.075,1825279
2018-02-28,90.5888,90.6223,89.4319,90.1164,1543501
2018-03-01,90.135,91.2979,89.5992,91.037,1562729
2018-03-02,91.3093,92.1191,90.213,90.2941,1363481
2018-03-05,89.9867,91.0752,89.9132,90.6171,1808902
2018-03-06,90.3428,90.7845,90.2102,90.5733,1545496
2018-03-07,90.9929,92.4484,90.5819,92.1423,1798516
2018-03-08,92.2589,93.5671,91.6495,93.4143,1544646
2018-03-09,93.6418,94.0197,93.1905,93.3038,1486137
2018-03-12,92.9963,95.0395,92.4244,94.5636,1773176
2018-03-13,94.4415,95.0184,92.6487,92.7464,1611549
2018-03-14,92.6682,93.2573,92.4525,93.133,1732404
2018-03-15,93.6685,95.4183,93.6609,95.1913,1407799
2018-03-16,95.036,95.8972,94.5459,94.8628,1569200
2018-03-19,94.4879,95.0827,93.7001,94.0653,1365517
2018-03-20,94.1461,94.2868,93.3583,93.7229,1541999
2018-03-21,93.7435,96.4088,93.3047,96.2815,1322239
2018-03-22,96.6678,97.2927,96.0108,96.1374,1508501
2018-03-23,96.4622,96.5195,94.7607,95.3486,1521163
2018-03-26,94.8648,96.9521,94.6276,96.2217,1358589
2018-03-27,96.8278,97.1823,95.4658,95.6826,1566585
2018-03-28,95.7839,95.8512,94.5506,95.0516,1468408
2018-03-29,95.6391,95.6785,93.4027,93.7172,1750077
2018-03-30,93.7968,95.8822,93.4764,95.0569,1274466
2018-04-02,94.2927,94.9806,91.8917,93.3092,1479168
2018-04-03,93.3119,95.4132,92.8661,94.5738,1723769
2018-04-04,94.7006,95.0829,93.5929,93.7044,1514613
2018-04-05,93.8613,94.0906,93.3434,93.4028,1237257
2018-04-06,93.4461,95.8156,92.8618,95.0724,1761092
2018-04-09,95.3873,96.215,93.371,93.7217,1488576
2018-04-10,93.8318,94.3228,93.1657,93.1774,1737826
2018-04-11,92.8769,93.7209,91.9215,92.1847,1298471
2018-04-12,92.47,93.121,91.5317,92.3648,1275040
2018-04-13,92.3926,93.1041,90.9681,91.3007,1412648
2018-04-16,90.8385,91.6626,89.5089,90.246,1394317
2018-04-17,90.4715,91.0438,88.3661,88.9534,1555406
2018-04-18,88.9672,90.5155,88.7618,90.353,1333973
2018-04-19,90.6126,91.2007,90.0212,90.6845,1603372
2018-04-20,90.7427,91.5332,90.7283,91.0566,1734276
2018-04-23,90.9923,91.2894,90.0932,91.1235,1586346
2018-04-24,91.1503,93.0227,90.7656,92.6558,1221864
2018-04-25,92.4724,92.4819,91.5635,91.664,1329078
2018-04-26,91.5946,91.7929,90.4835,91.1456,1771091
2018-04-27,90.9247,91.2836,90.582,90.6229,1250866
2018-04-30,90.1844,90.3379,89.7685,89.8134,1677564
2018-05-01,89.8728,90.861,89.1286,90.7794,1701154
2018-05-02,90.7065,91.4947,88.7517,89.8009,1226317
2018-05-03,90.1708,90.1745,87.3613,87.5564,1558109
2018-05-04,87.5515,87.707,87.1352,87.5867,1395810
2018-05-07,87.6376,88.0451,86.287,87.1885,1223799
2018-05-08,86.9561,88.0578,86.2908,87.5692,1648799
2018-05-09,87.6508,87.6595,86.3542,86.6558,1797724
2018-05-10,86.1804,87.1863,85.1516,85.4573,1476503
2018-05-11,85.0655,85.1989,83.6717,83.8522,1739962
2018-05-14,83.8127,84.8818,83.8031,84.6375,1446316
2018-05-15,84.2008,84.833,84.0245,84.2889,1314882
2018-05-16,84.0434,84.4746,83.8235,84.1373,1725073
2018-05-17,84.3535,84.5438,82.2979,82.6744,1768661
2018-05-18,83.1636,83.9932,82.7032,83.8017,1392793
2018-05-21,83.8762,84.1668,83.727,84.0715,1814673
2018-05-22,83.865,85.9707,82.2672,85.5096,1375779
2018-05-23,85.313,85.3412,84.2262,84.6179,1538298
2018-05-24,84.1109,85.3094,84.0562,84.8589,1267546
2018-05-25,84.5199,85.039,83.9212,84.1468,1232519
2018-05-28,84.393,84.65,82.8457,83.5527,1681961
2018-05-29,83.322,84.1,82.9563,83.6993,1347587
2018-05-30,83.9955,84.5515,82.5586,82.9675,1383854
2018-05-31,82.8312,83.4435,81.9449,82.2253,1760187
2018-06-01,82.0078,82.672,81.5037,81.7608,1529283
2018-06-04,81.9753,83.168,81.8153,82.7674,1695926
2018-06-05,82.4615,82.9879,81.6113,81.8184,1403840
2018-06-06,81.7381,81.7558,79.6897,80.06,1752610
2018-06-07,80.0138,80.1883,79.416,79.9402,1518778
2018-06-08,79.9676,80.8917,79.1447,80.7019,1457968
2018-06-11,80.7637,81.4206,80.3044,81.3878,1661980
2018-06-12,81.6201,82.0284,80.5019,80.7839,1666807
2018-06-13,80.6926,81.677,80.4053,81.6261,1281377
2018-06-14,81.4605,81.4982,80.4239,80.8389,1827313
2018-06-15,80.8319,81.5495,80.6849,81.2042,1789913
2018-06-18,80.6403,81.0907,79.9015,80.376,1829323
2018-06-19,80.3947,81.0726,80.0921,80.9347,1763740
2018-06-20,81.3617,81.9166,80.2536,81.602,1566827
2018-06-21,81.6058,82.0774,80.6436,80.8375,1688303
2018-06-22,80.8721,84.4151,80.8182,82.8413,1222330
2018-06-25,83.2256,83.784,82.8219,83.6928,1755488
2018-06-26,83.1426,84.1404,82.8684,84.0906,1619689
2018-06-27,83.8975,84.0894,82.3117,83.4622,1660499
2018-06-28,82.9152,84.5641,81.8844,84.2654,1286529
2018-06-29,84.3286,85.2105,83.718,84.3899,1740594
2018-07-02,84.1587,84.7188,83.3187,83.7282,1379546
2018-07-03,83.6088,84.3766,83.2097,83.5103,1306741
2018-07-04,83.7207,84.4559,83.6772,84.2524,1504527
2018-07-05,84.4486,84.6989,82.989,83.4085,1577398
2018-07-06,83.3623,84.2008,83.2837,84.1678,1340686
2018-07-09,83.9504,84.0061,81.7605,82.7648,1593953
2018-07-10,83.2035,83.4335,82.2537,82.5985,1745825
2018-07-11,82.8958,82.941,82.5312,82.563,1298825
2018-07-12,82.3173,83.854,81.8238,83.5866,1472135
2018-07-13,83.7909,84.1044,83.4502,83.5454,1367837
2018-07-16,83.7741,84.1148,82.0593,82.5573,1738007
2018-07-17,82.8751,84.0571,82.1744,83.6217,1820999
2018-07-18,83.4966,84.7806,83.3437,84.1253,1379378
2018-07-19,84.0502,84.4907,83.7504,83.894,1417496
2018-07-20,84.1163,86.3432,83.9707,85.8647,1328559
2018-07-23,85.4947,85.6277,85.4944,85.5242,1486802
2018-07-24,85.8139,86.5824,83.2929,84.2144,1553236
2018-07-25,84.0993,84.5863,82.1709,83.0774,1798092
2018-07-26,82.9081,83.974,82.7313,83.9227,1273435
2018-07-27,84.3155,84.6725,81.7345,83.1277,1813440
2018-07-30,83.2557,83.4164,82.5025,82.8158,1802963
2018-07-31,82.3217,82.6135,81.4551,81.4605,1310752
2018-08-01,81.5885,81.775,81.2314,81.7014,1315596
2018-08-02,81.9328,82.3845,81.645,82.143,1303238
2018-08-03,82.2844,82.5494,82.0598,82.3182,1282819
2018-08-06,82.1111,82.6504,81.9671,82.2701,1622957
2018-08-07,81.9393,82.3152,80.0648,80.3069,1381318
2018-08-08,79.9763,81.0636,79.9389,80.8574,1599307
2018-08-09,81.0537,81.9134,80.8787,81.8719,1608315
2018-08-10,81.9182,82.1511,81.3173,82.0445,1332371
2018-08-13,81.6622,82.2586,81.5501,81.9926,1739237
2018-08-14,82.129,82.1292,81.72,81.9894,1500802
2018-08-15,82.2508,82.7836,82.0962,82.7045,1624344
2018-08-16,82.6178,82.9342,82.0502,82.0923,1203247
2018-08-17,81.998,82.3766,80.7827,81.2234,1215311
2018-08-20,81.1139,81.9871,80.7737,81.4356,1619659
2018-08-21,81.3322,81.5647,80.9181,81.5563,1634953
2018-08-22,81.4339,81.5839,80.5232,80.6443,1406197
2018-08-23,80.6501,81.0821,80.0617,80.351,1313404
2018-08-24,80.221,80.6949,80.2181,80.5105,1594041
2018-08-27,80.6937,80.9648,79.9346,80.0281,1706216
2018-08-28,80.1929,80.8455,80.0851,80.6573,1607100
2018-08-29,80.6972,80.9541,80.5171,80.604,1361520
2018-08-30,80.8063,81.4097,80.4637,81.3312,1190099
2018-08-31,81.3773,81.6638,80.9332,81.4609,1202215
2018-09-03,81.4634,82.2896,81.3562,81.4377,1444991
2018-09-04,81.5131,81.8221,80.9493,81.2818,1737860
2018-09-05,81.6008,81.8057,80.9129,81.4838,1610975
2018-09-06,81.5355,81.8623,81.3058,81.7485,1618994
2018-09-07,81.7202,81.8986,81.6681,81.7043,1173414
2018-09-10,81.3503,81.9594,81.0087,81.639,1578307
2018-09-11,81.3316,82.613,80.9914,82.3654,1261962
2018-09-12,82.405,82.6844,81.9534,82.4581,1376568
2018-09-13,82.38,82.5009,81.2847,81.423,1257214
2018-09-14,81.5719,81.5886,80.8566,81.0417,1193439
2018-09-17,80.899,81.471,80.6621,81.3901,1267275
2018-09-18,81.5607,81.592,81.5394,81.587,1505037
2018-09-19,81.7834,84.0395,81.199,83.8763,1572084
2018-09-20,83.8453,83.9737,82.976,83.3005,1378994
2018-09-21,83.6252,84.4292,83.6178,84.2485,1337289
2018-09-24,84.4212,85.6716,84.2225,84.9593,1645070
2018-09-25,85.2469,85.509,84.9101,85.5055,1729717
2018-09-26,85.8639,86.4864,85.6587,86.3678,1311392
2018-09-27,86.6226,86.7985,85.1666,85.5527,1410034
2018-09-28,85.8693,85.9554,85.2805,85.6172,1295073
2018-10-01,85.5805,85.8582,85.3328,85.6056,1210548
2018-10-02,85.078,86.6243,84.2145,86.2667,1191106
2018-10-03,86.0062,86.0327,84.2739,84.7576,1332485
2018-10-04,84.3317,84.3871,83.6608,83.9546,1711211
2018-10-05,83.7391,83.9711,83.4219,83.7271,1583486
2018-10-08,83.8238,83.8853,83.0814,83.2969,1286737
2018-10-09,83.4078,83.5913,83.1572,83.2847,1679656
2018-10-10,83.033,83.0774,82.4634,82.6992,1205140
2018-10-11,83.0433,84.8205,82.8648,83.9675,1230800
2018-10-12,83.7889,83.866,83.124,83.2734,1365917
2018-10-15,83.0057,83.8343,82.6995,83.4867,1704130
2018-10-16,83.3534,83.807,82.8898,82.9726,1192108
2018-10-17,82.7843,82.8697,82.0275,82.2567,1376122
2018-10-18,82.2844,83.7099,82.2101,82.9867,1424494
2018-10-19,82.996,83.5528,81.782,82.5188,1293659
2018-10-22,82.4434,82.7955,81.1833,81.6038,1246457
2018-10-23,81.8393,81.8946,80.5621,81.4518,1518101
2018-10-24,81.239,81.2885,80.4324,80.6376,1368999
2018-10-25,80.4847,81.1249,79.9709,80.2915,1447127
2018-10-26,80.1443,80.6406,80.07,80.4619,1713862
2018-10-29,80.1532,80.2878,79.6128,79.6214,1472896
2018-10-30,79.5561,80.7924,79.1509,80.5883,1426831
2018-10-31,80.6282,81.1979,80.5898,81.1832,1525039
2018-11-01,81.0648,81.8707,80.925,81.4263,1354348
2018-11-02,81.4041,81.7009,81.2674,81.4855,1162813
2018-11-05,81.4792,81.8728,81.203,81.7999,1617161
2018-11-06,81.654,81.6755,81.3155,81.4598,1521602
2018-11-07,81.5089,81.9318,81.2753,81.3759,1247775
2018-11-08,81.4338,81.4797,79.8759,80.1914,1708243
2018-11-09,80.2681,80.5167,79.6574,79.7239,1393606
2018-11-12,79.3802,80.3211,78.8379,79.4617,1509686
2018-11-13,79.5329,80.8989,79.1676,80.7183,1370001
2018-11-14,80.7383,81.6097,80.6401,80.943,1621742
2018-11-15,81.0539,81.2967,80.4727,80.8295,1614178
2018-11-16,80.5547,80.7953,80.0052,80.7209,1368820
2018-11-19,80.7417,81.3346,80.0851,81.1603,1649366
2018-11-20,81.0989,81.6571,80.779,81.5063,1346068
2018-11-21,81.2499,81.615,80.3491,80.647,1204653
2018-11-22,80.6807,81.3676,80.5475,80.739,1174444
2018-11-23,80.5959,80.9245,80.1053,80.6386,1542951
2018-11-26,80.6483,80.7693,79.6227,79.9694,1719338
2018-11-27,80.0406,80.7031,79.6116,80.3506,1414175
2018-11-28,80.467,81.2175,80.396,80.8292,1660703
2018-11-29,80.6501,80.9716,80.0131,80.0372,1265354
2018-11-30,79.963,80.1901,79.7301,79.7886,1259713
2018-12-03,79.8808,80.8385,79.4674,80.2635,1596918
2018-12-04,80.2726,80.7,79.3971,79.6929,1323603
2018-12-05,79.4086,79.4125,77.6249,77.8099,1556014
2018-12-06,77.5456,77.6361,77.1967,77.3063,1478773
2018-12-07,77.1723,77.1837,75.9515,76.5356,1674543
2018-12-10,76.5274,77.1581,76.3282,77.0357,1451007
2018-12-11,77.2208,78.1703,76.9025,77.6013,1424366
2018-12-12,77.7755,78.1099,77.4591,77.9946,1491693
2018-12-13,77.7437,77.8028,76.9303,77.1539,1232238
2018-12-14,77.0641,77.1729,75.7984,75.8361,1561345
2018-12-17,75.9919,77.1345,75.7239,77.0799,1709228
2018-12-18,77.0859,77.8751,76.9753,77.5436,1322457
2018-12-19,77.0892,77.3961,76.7934,77.0114,1271771
2018-12-20,76.7668,78.456,76.3163,77.8115,1680086
2018-12-21,77.55,78.3385,77.0861,77.2432,1462709
2018-12-24,77.4599,77.5461,77.0665,77.4067,1404356
2018-12-25,77.5129,77.7612,77.0826,77.1792,1381746
2018-12-26,77.0336,77.3291,76.6985,76.8231,1513684
2018-12-27,77.0125,77.17,76.3167,76.7583,1161844
2018-12-28,76.7317,78.3361,76.4816,78.316,1517950
2018-12-31,78.0912,79.8924,77.9762,79.4124,1288708
2019-01-01,79.5973,80.1321,78.866,80.006,1591846
2019-01-02,79.9919,80.1353,79.7673,80.0509,1370888
2019-01-03,79.6905,80.9122,79.3272,80.8824,1470592
2019-01-04,81.024,81.0867,80.6632,80.9371,1444441
2019-01-07,81.1012,82.4886,80.7085,82.4453,1471664
2019-01-08,82.4768,82.9948,82.1761,82.8608,1464766
2019-01-09,82.8166,82.8782,81.5115,81.9467,1406962
2019-01-10,81.9403,82.3069,81.0658,81.2957,1305047
2019-01-11,81.0351,82.2315,80.9258,82.083,1284078
2019-01-14,82.0967,82.7622,81.9916,82.337,1360692
2019-01-15,82.536,82.8893,82.5178,82.719,1736976
2019-01-16,82.7087,83.0826,81.9472,82.1939,1564640
2019-01-17,82.1752,83.3421,81.6642,82.5546,1458101
2019-01-18,82.5255,84.2354,82.1702,83.272,1411733
2019-01-21,82.8807,82.9941,82.1018,82.4749,1696972
2019-01-22,82.174,82.7259,81.0909,81.1174,1622105
2019-01-23,81.3551,81.4217,81.0676,81.128,1688219
2019-01-24,81.1545,81.6113,81.0353,81.3743,1412075
2019-01-25,81.6734,81.9111,80.9142,80.9167,1683815
2019-01-28,81.2427,81.7669,80.9202,81.5448,1684167
2019-01-29,81.7204,81.8724,80.9985,81.3631,1506339
2019-01-30,81.3035,81.7037,80.8156,81.5733,1447151
2019-01-31,81.4687,81.9327,80.8213,81.204,1564722
2019-02-01,81.1421,81.2856,80.5829,80.9562,1384781
2019-02-04,80.587,81.3449,80.3201,80.8747,1299256
2019-02-05,80.6535,80.8327,80.5664,80.752,1216607
2019-02-06,80.6296,81.0184,79.7182,79.82,1251512
2019-02-07,79.9543,80.3362,79.3813,79.5099,1436690
2019-02-08,79.4162,79.6155,79.1578,79.4594,1599708
2019-02-11,79.478,80.1535,79.1018,79.7142,1300128
2019-02-12,79.8911,80.7708,79.5236,80.353,1485518
2019-02-13,80.4846,80.5521,79.8648,80.0861,1340553
2019-02-14,80.206,80.3961,79.9765,80.0606,1512158
2019-02-15,80.2342,80.7996,79.9964,80.6048,1465986
2019-02-18,81.1221,81.1422,80.1358,80.1555,1685145
2019-02-19,80.5208,80.7686,79.8668,79.878,1445369
2019-02-20,79.6444,80.4822,79.4985,80.3229,1219659
2019-02-21,80.4957,80.9167,80.4504,80.8099,1355888
2019-02-22,80.8074,81.1635,79.1028,79.3524,1458641
2019-02-25,79.4898,79.8432,78.7982,79.0978,1579562
2019-02-26,79.2201,79.4548,78.6967,78.7213,1406470
2019-02-27,78.5986,78.8421,77.4247,77.6029,1670545
2019-02-28,77.929,78.6392,77.9222,78.0959,1665650
2019-03-01,78.1672,79.0114,78.1225,78.3985,1543081
2019-03-04,78.5577,78.8226,77.7893,77.972,1318178
2019-03-05,78.2781,78.3982,77.6996,78.1634,1199232
2019-03-06,78.174,78.7192,77.8441,78.2161,1399164
2019-03-07,77.8539,78.9585,77.8026,78.5654,1281247
2019-03-08,78.684,78.8965,77.494,78.0626,1680798
2019-03-11,77.928,78.8011,77.9076,78.4739,1362884
2019-03-12,78.7647,78.9005,78.6058,78.7435,1238152
2019-03-13,79.1808,79.2039,79.0774,79.1112,1716915
2019-03-14,79.0831,80.0382,79.0269,79.4342,1240038
2019-03-15,79.5756,79.7272,78.2301,78.2855,1263917
2019-03-18,78.6307,80.2325,78.4592,79.8234,1414688
2019-03-19,79.8846,80.5966,79.8592,79.8619,1573189
2019-03-20,80.093,81.0116,79.4694,80.4724,1591053
2019-03-21,80.6406,80.8955,79.6136,79.9263,1472207
2019-03-22,80.1614,80.3391,80.1209,80.3287,1643253
2019-03-25,80.0096,80.4546,79.3427,80.371,1761124
2019-03-26,79.8715,80.2736,79.7746,80.0479,1411973
2019-03-27,80.0675,80.4344,79.4747,80.2559,1407235
2019-03-28,80.5666,81.5686,80.0727,80.9313,1469780
2019-03-29,81.3812,82.086,81.349,81.7035,1305392
2019-04-01,81.4344,82.3874,81.141,82.055,1277501
2019-04-02,81.9799,82.482,81.9707,82.0127,1497419
2019-04-03,82.2588,82.8851,80.871,80.902,1249939
2019-04-04,80.9565,81.4116,80.8092,80.8717,1382510
2019-04-05,80.7427,80.9886,79.7882,79.9532,1237131
2019-04-08,79.3682,81.0267,79.068,80.6813,1685901
2019-04-09,80.0682,80.0918,79.7415,79.8217,1375848
2019-04-10,80.2594,80.422,79.6361,80.1409,1472126
2019-04-11,80.1275,82.7438,79.8218,82.2812,1827353
2019-04-12,82.4831,82.5475,81.8285,82.502,1754932
2019-04-15,82.2294,82.6761,82.0371,82.046,1638287
2019-04-16,82.0866,82.6293,79.9223,80.2466,1723461
2019-04-17,80.5515,82.3066,79.7123,81.1893,1444089
2019-04-18,81.5903,81.8516,79.3474,80.0411,1278609
2019-04-19,80.3431,81.3439,79.3654,81.2563,1664882
2019-04-22,81.1894,82.5184,81.0455,82.1972,1765593
2019-04-23,81.8571,82.8383,80.5877,82.5871,1491458
2019-04-24,82.4352,84.8359,82.4327,84.624,1266886
2019-04-25,84.4676,84.9736,83.9089,84.4745,1273794
2019-04-26,84.6273,84.8533,82.0998,83.3168,1751809
2019-04-29,83.5588,83.8678,83.0737,83.7244,1356450
2019-04-30,84.1042,84.7955,83.3252,83.9193,1775368
2019-05-01,83.847,83.9268,83.184,83.2358,1783624
2019-05-02,83.1473,83.1785,81.6771,82.2759,1519634
2019-05-03,82.2195,82.4963,80.0323,80.4947,1729263
2019-05-06,80.4674,80.5319,80.0501,80.437,1606425
2019-05-07,80.788,81.7062,80.7116,81.2368,1367967
2019-05-08,80.97,81.6797,80.7366,81.506,1307803
2019-05-09,81.5879,81.7,81.1163,81.1837,1542898
2019-05-10,80.8324,80.9057,79.5558,80.4536,1424029
2019-05-13,80.4169,80.5348,79.9053,79.9856,1265674
2019-05-14,80.3426,80.5531,79.4903,79.7126,1427219
2019-05-15,80.2267,81.7819,80.0885,81.6152,1797342
2019-05-16,81.7424,82.4346,81.2518,81.9873,1247544
2019-05-17,82.2345,82.7405,80.6458,80.6823,1821774
2019-05-20,80.7147,81.5172,80.1597,81.2639,1550968
2019-05-21,80.9961,81.0853,79.8706,80.2434,1521221
2019-05-22,80.1074,80.1529,79.2685,79.6468,1384839
2019-05-23,79.5402,80.531,79.3789,80.3395,1641994
2019-05-24,80.4351,80.7753,79.3332,79.3733,1674859
2019-05-27,78.6852,79.6353,77.5438,77.7904,1330334
2019-05-28,77.505,78.4921,77.4809,78.0298,1702742
2019-05-29,77.7346,79.008,77.399,78.6754,1346294
2019-05-30,78.4815,78.7967,77.7987,78.6249,1684814
2019-05-31,78.9422,79.8236,78.4924,79.6126,1339823
2019-06-03,79.7927,79.9759,78.4637,78.8778,1497437
2019-06-04,78.7068,79.2035,78.5784,79.0938,1775868
2019-06-05,79.1377,79.4886,77.8608,78.8218,1661856
2019-06-06,78.7212,80.4456,78.1525,79.635,1542342
2019-06-07,79.3234,80.315,79.2197,79.8544,1279975
2019-06-10,79.7701,79.9967,79.3052,79.5313,1493308
2019-06-11,79.9963,80.0037,78.6797,79.046,1426069
2019-06-12,79.1821,79.8085,78.6602,79.1298,1383219
2019-06-13,78.7918,78.8687,77.8047,78.3177,1580968
2019-06-14,78.2214,79.2029,77.6729,77.8199,1464416
2019-06-17,77.6279,78.8138,77.5091,78.3617,1516471
2019-06-18,78.5949,79.6929,78.0566,78.9778,1500887
2019-06-19,79.0103,80.347,78.8163,79.8949,1344653
2019-06-20,79.9107,80.1728,78.9282,78.9347,1424623
2019-06-21,78.5566,79.6802,77.871,79.4988,1511855
2019-06-24,79.3339,79.9983,78.9681,79.5008,1230689
2019-06-25,79.1485,80.6526,79.0864,80.4603,1314793
2019-06-26,80.1859,80.9565,79.3615,80.7199,1669307
2019-06-27,80.9895,83.0072,80.5904,82.4592,1683508
2019-06-28,82.5835,82.7175,82.3051,82.626,1544337
2019-07-01,83.3454,84.1527,82.4149,83.456,1668535
2019-07-02,83.2824,85.2397,82.3561,84.2456,1624714
2019-07-03,84.5481,85.1302,81.3701,81.963,1525192
2019-07-04,82.078,83.3865,81.4684,82.2409,1266514
2019-07-05,82.086,82.1959,81.3481,81.657,1359451
2019-07-08,81.839,82.248,79.717,80.3492,1424047
2019-07-09,80.3007,81.4025,80.2324,81.3393,1273655
2019-07-10,81.268,82.0421,81.0714,81.9913,1294790
2019-07-11,81.8037,82.5462,81.3402,81.9044,1641614
2019-07-12,81.3184,82.7517,80.5268,82.579,1340945
2019-07-15,82.3911,83.8702,82.194,83.0852,1565293
2019-07-16,82.5379,82.7584,82.1505,82.4406,1796583
2019-07-17,82.539,82.8869,82.1782,82.6544,1405225
2019-07-18,82.8058,82.8884,81.419,82.2419,1259600
2019-07-19,82.9329,83.1855,82.5015,82.828,1329161
2019-07-22,82.8883,83.3232,81.3091,81.7694,1612650
2019-07-23,81.7818,81.9769,81.4854,81.7201,1255668
2019-07-24,82.182,83.7425,81.8178,83.3621,1389728
2019-07-25,83.0319,84.5864,82.4323,83.42,1386380
2019-07-26,83.7206,83.8497,82.7032,83.1801,1326536
2019-07-29,82.962,83.6192,81.7044,81.9126,1446426
2019-07-30,82,82.8148,80.2654,81.0366,1600555
2019-07-31,80.6305,80.805,79.0474,79.7319,1502770
2019-08-01,80.0757,81.9718,79.8324,81.6443,1408026
2019-08-02,81.5832,83.8737,81.359,83.4534,1754894
2019-08-05,83.5279,84.1985,82.531,82.5757,1278562
2019-08-06,82.3261,83.26,82.0582,82.8795,1688905
2019-08-07,83.2071,83.6885,82.8403,83.4371,1448518
2019-08-08,83.3528,83.8495,82.9752,83.2826,1471430
2019-08-09,83.1709,84.7857,82.2171,84.3263,1569357
2019-08-12,84.3601,85.5735,84.0302,85.2722,1426928
2019-08-13,85.1458,85.4134,84.538,85.3883,1579042
2019-08-14,85.5944,86.1847,83.9857,84.1184,1395144
2019-08-15,83.5961,83.8128,82.8731,83.0146,1302022
2019-08-16,82.7999,83.3301,82.5077,82.7012,1797164
2019-08-19,82.7675,83.3481,82.6276,82.8853,1681675
2019-08-20,83.1344,84.3029,83.0395,84.2719,1757623
2019-08-21,84.208,86.0966,83.2033,85.7751,1287354
2019-08-22,86.1063,86.6099,84.832,85.0135,1413569
2019-08-23,85.3724,86.2843,84.7108,85.7358,1621266
2019-08-26,85.4853,86.0411,82.8607,83.248,1291832
2019-08-27,83.2496,84.7114,82.8631,84.0193,1806902
2019-08-28,83.9333,84.3644,83.0245,83.6256,1797236
2019-08-29,83.4784,84.1664,83.2803,83.3478,1312441
2019-08-30,83.4903,85.8496,83.4473,85.0714,1505340
2019-09-02,84.7947,86.3264,84.7606,86.2111,1312310
2019-09-03,86.4521,86.8333,85.7079,85.7817,1260885
2019-09-04,85.0833,85.4306,84.9384,85.0805,1692638
2019-09-05,85.2085,85.5705,83.3564,84.4706,1506737
2019-09-06,84.7703,84.81,82.9782,83.7035,1790169
2019-09-09,84.203,85.1018,83.7538,84.0566,1483905
2019-09-10,84.1113,84.7205,83.4397,83.8314,1406001
2019-09-11,83.8683,84.775,83.3066,84.7191,1688648
2019-09-12,85.1653,85.4546,84.3854,85.0756,1260256
2019-09-13,84.9818,87.033,84.5067,86.2939,1423837
2019-09-16,85.9408,87.8671,84.9971,87.2927,1531752
2019-09-17,87.5692,87.8903,86.0679,86.8917,1285432
2019-09-18,86.7262,86.824,85.6246,85.9695,1308259
2019-09-19,85.4209,86.0418,85.1365,85.9484,1386737
2019-09-20,86.1204,86.5422,85.0768,85.6625,1528787
2019-09-23,85.6753,86.0429,84.8061,85.2632,1585666
2019-09-24,85.0313,87.2953,84.6053,86.6478,1600899
2019-09-25,86.2093,86.241,85.4913,86.108,1315418
2019-09-26,85.8239,86.2767,84.8893,86.115,1637815
2019-09-27,86.214,87.7853,86.0004,87.4547,1340687
2019-09-30,87.5788,88.439,87.5333,87.6489,1380369
2019-10-01,87.4974,87.8533,87.3773,87.7061,1278887
2019-10-02,87.5918,89.0049,87.504,88.8119,1331562
2019-10-03,89.0524,91.6543,88.5958,90.9798,1596710
2019-10-04,91.4411,92.5499,89.3454,89.9521,1413989
2019-10-07,90.1949,91.1209,89.3686,90.8302,1429032
2019-10-08,91.0727,92.5428,90.4753,91.866,1694642
2019-10-09,91.5327,92.8169,91.3489,92.7361,1790773
2019-10-10,92.9778,93.8235,91.1428,91.6079,1392667
2019-10-11,91.7155,92.503,91.6535,91.9254,1259275
2019-10-14,92.8013,93.6896,92.7915,93.2076,1400923
2019-10-15,93.0405,93.9629,92.9651,93.4645,1649751
2019-10-16,93.6358,93.7486,92.8355,92.8475,1518295
2019-10-17,92.6714,94.4841,92.6545,93.954,1553967
2019-10-18,93.7402,93.8687,92.7146,93.0954,1260158
2019-10-21,92.9534,94.512,92.5599,93.9194,1463662
2019-10-22,94.0028,95.4017,93.2613,95.2375,1491277
2019-10-23,96.1518,97.9517,95.6165,97.8574,1722960
2019-10-24,98.12,98.374,96.7441,96.8772,1455899
2019-10-25,96.6621,96.862,96.1049,96.7923,1824061
2019-10-28,96.6124,96.7755,95.7549,96.4238,1326697
2019-10-29,96.3587,96.5363,94.2615,94.8193,1568018
2019-10-30,95.1744,97.8474,95.169,96.6766,1554876
2019-10-31,96.63,96.9204,95.0458,95.6959,1667324
2019-11-01,95.721,96.4008,95.1663,96.3784,1796856
2019-11-04,96.4358,96.9748,96.168,96.7593,1385408
2019-11-05,97.2311,97.8037,96.8294,97.6085,1335961
2019-11-06,98.0736,98.3523,96.999,97.8026,1377326
2019-11-07,98.0042,99.5447,97.264,97.3519,1394872
2019-11-08,96.9973,97.0445,95.9047,96.7361,1327477
2019-11-11,96.3581,96.7246,95.8643,96.1489,1754580
2019-11-12,96.3775,96.4747,95.2657,95.3902,1242999
2019-11-13,95.3267,97.7731,95.0473,95.97,1620867
2019-11-14,95.8081,96.6147,95.1759,96.5218,1575382
2019-11-15,95.7668,96.2202,95.5661,95.9251,1298660
2019-11-18,96.0426,96.2403,95.1344,96.2035,1720632
2019-11-19,96.2701,96.9754,96.2194,96.8291,1252439
2019-11-20,96.767,99.18,96.5156,98.4747,1360395
2019-11-21,97.8622,97.972,95.7757,96.3233,1826480
2019-11-22,96.2806,96.3468,94.1754,94.8647,1593324
2019-11-25,94.6737,95.9379,94.1467,95.547,1501104
2019-11-26,95.9538,97.6364,95.4002,96.9624,1573032
2019-11-27,96.46,96.774,96.2964,96.4197,1706180
2019-11-28,96.8656,97.0892,95.6716,96.1297,1314653
2019-11-29,95.8295,95.9579,93.6643,94.468,1690135
2019-12-02,94.0801,95.4203,94.0328,95.4124,1249993
2019-12-03,95.3485,96.6864,94.8717,95.8904,1477254
2019-12-04,95.8716,97.1943,95.8603,96.2095,1520585
2019-12-05,96.5519,96.7067,96.0874,96.2607,1506517
2019-12-06,96.6214,96.7262,95.6561,95.7497,1584809
2019-12-09,95.3471,95.637,93.9379,94.5071,1272847
2019-12-10,94.9862,95.4428,93.4254,93.4839,1568013
2019-12-11,93.3643,93.8374,92.5806,93.0588,1456238
2019-12-12,93.6641,93.933,93.4765,93.9247,1513887
2019-12-13,94.2195,95.2481,92.508,93.4412,1451059
2019-12-16,93.2697,93.4253,92.7007,93.0276,1388659
2019-12-17,93.1449,94.2524,92.3592,92.7912,1689666
2019-12-18,92.4007,93.3267,91.6886,92.7467,1679699
2019-12-19,92.8016,92.8642,91.2731,91.8014,1549750
2019-12-20,92.4244,92.879,92.0811,92.8442,1646812
2019-12-23,92.8514,93.1976,92.8386,92.9228,1315795
2019-12-24,92.8424,93.1283,92.7081,92.9795,1744644
2019-12-25,93.0405,93.7242,92.7762,93.2836,1768970
2019-12-26,93.5351,93.9654,93.1893,93.4473,1291000
2019-12-27,93.8993,94.6522,93.8565,94.4953,1550134
2019-12-30,94.0646,94.8587,94.0375,94.6565,1501746
2019-12-31,94.5825,96.4368,94.1988,96.144,1261136
2020-01-01,95.9833,96.5077,94.0733,94.9698,1355305
2020-01-02,94.938,95.5912,94.0967,95.5672,1415546
2020-01-03,95.3966,96.6172,95.0792,95.361,1304188
2020-01-06,95.5216,95.7691,93.2753,93.6559,1360994
2020-01-07,93.7873,94.6299,92.9422,94.5639,1604924
2020-01-08,94.3948,94.5133,93.3435,94.3486,1370544
2020-01-09,94.4005,94.6832,92.3658,92.8346,1516818
2020-01-10,92.7668,93.0783,92.638,92.9669,1429240
2020-01-13,92.9545,93.3055,92.0259,92.1734,1514113
2020-01-14,91.3054,91.5453,90.6583,91.501,1730934
2020-01-15,92.1611,93.5837,91.7211,93.0223,1628409
2020-01-16,93.015,93.1967,92.6063,92.7447,1519282
2020-01-17,92.5478,92.6758,92.0937,92.2135,1318374
2020-01-20,92.1747,92.4348,90.3996,91.3409,1598158
2020-01-21,91.2806,92.5089,91.2382,91.9277,1497225
2020-01-22,91.2588,91.5748,90.3723,90.9929,1279956
2020-01-23,90.9561,91.0323,89.8569,89.9247,1383252
2020-01-24,89.8048,90.0442,88.2633,88.8219,1235482
2020-01-27,88.4624,88.8167,88.2918,88.3338,1268177
2020-01-28,88.0532,89.5557,87.6262,89.4126,1679536
2020-01-29,89.2772,90.0717,87.9916,88.3076,1744609
2020-01-30,88.4228,89.6766,87.6113,88.0468,1531955
2020-01-31,87.8341,88.4118,87.2204,87.8968,1572368
2020-02-03,88.0927,88.9513,85.9259,86.6436,1775260
2020-02-04,86.5161,87.5719,85.993,87.0289,1497346
2020-02-05,86.8134,87.6933,86.4057,86.4921,1260356
2020-02-06,86.3357,86.4464,84.474,85.1483,1334659
2020-02-07,84.9373,85.4998,84.8567,85.1998,1459342
2020-02-10,85.4897,85.7221,85.4211,85.5614,1800559
2020-02-11,85.7851,87.4973,85.5012,87.4217,1235509
2020-02-12,87.0108,87.6438,86.2818,87.2902,1635941
2020-02-13,87.483,87.5842,86.5088,86.906,1259569
2020-02-14,86.8534,88.3493,86.3526,87.2473,1799116
2020-02-17,87.3934,89.6484,86.979,88.6518,1471862
2020-02-18,88.3698,89.7239,87.8379,88.9586,1591577
2020-02-19,88.4499,88.589,88.4023,88.4515,1829627
2020-02-20,88.7128,88.786,87.2866,87.3648,1717220
2020-02-21,87.6836,88.134,84.696,85.5342,1369164
2020-02-24,85.4689,86.2154,85.403,85.7794,1391117
2020-02-25,86.1572,86.6585,85.0102,85.1267,1803884
2020-02-26,85.0129,85.4233,84.5434,84.7644,1412116
2020-02-27,84.5332,85.6571,83.9881,85.5515,1497205
2020-02-28,85.4114,85.6316,84.0661,84.6416,1742213
2020-03-02,84.4331,84.5656,83.4564,83.8336,1813842
2020-03-03,84.0336,84.2403,82.1884,82.3551,1819004
2020-03-04,82.4332,82.7768,80.5972,81.065,1421319
2020-03-05,80.8763,81.0896,78.9826,79.8655,1271478
2020-03-06,80.0575,80.7272,79.1661,79.752,1719759
2020-03-09,79.8857,80.2383,76.7665,77.6538,1591784
2020-03-10,77.852,78.7882,77.3554,78.043,1672682
2020-03-11,78.4255,79.075,78.2701,78.8663,1396724
2020-03-12,78.2753,79.4545,76.8975,77.4542,1433296
2020-03-13,78.1218,78.8217,77.5206,78.5103,1695381
2020-03-16,78.7249,80.4844,78.6425,80.3342,1621610
2020-03-17,80.2044,80.6578,78.8591,79.4913,1266125
2020-03-18,79.6185,79.9631,77.8693,78.0166,1431987
2020-03-19,78.1417,78.7833,78.0293,78.7317,1764293
2020-03-20,78.9974,80.0329,78.858,79.3191,1654615
2020-03-23,79.2183,80.044,78.8486,79.4233,1764508
2020-03-24,79.2516,79.5708,78.6636,79.0233,1537039
2020-03-25,79.5481,79.6321,78.8989,79.3336,1813272
2020-03-26,78.9586,79.4378,78.0141,78.6131,1654415
2020-03-27,78.4683,78.8332,76.5228,77.4508,1630550
2020-03-30,77.4081,77.7938,75.5215,75.948,1380423
2020-03-31,76.2226,77.1888,76.0268,76.5751,1664155
2020-04-01,76.5495,76.9754,75.8358,75.9016,1396812
2020-04-02,75.6624,77.2347,75.3473,76.8809,1554022
2020-04-03,77.0863,78.5618,76.7225,78.0041,1571415
2020-04-06,77.8407,77.8593,76.9846,77.0582,1467694
2020-04-07,77.2716,77.6149,76.5542,76.608,1256490
2020-04-08,76.0651,76.1331,75.6966,76.0556,1649848
2020-04-09,75.8134,76.1096,74.3657,74.9006,1429358
2020-04-10,74.613,74.9464,73.3744,73.6182,1655262
2020-04-13,73.5855,73.786,72.724,72.8109,1474379
2020-04-14,72.1492,73.4752,72.0137,72.6089,1732337
2020-04-15,72.5966,72.9209,71.9437,72.2733,1453999
2020-04-16,72.1425,72.388,71.1067,71.169,1353809
2020-04-17,71.2855,71.5455,70.1521,70.4186,1717334
2020-04-20,70.2251,70.3741,69.6974,70.0119,1390987
2020-04-21,70.0272,70.1258,69.2539,69.2965,1270891
2020-04-22,69.2788,69.68,68.962,69.6431,1724367
2020-04-23,69.6455,70.2009,69.6182,70.0507,1326317
2020-04-24,69.9654,71.6598,69.7449,71.2014,1232433
2020-04-27,70.9645,72.7562,70.5347,72.4849,1680563
2020-04-28,72.4936,72.7188,71.4037,71.8515,1464114
2020-04-29,71.9528,73.5647,71.5679,72.4405,1692861
2020-04-30,72.2236,72.3356,71.2633,71.7588,1410818
2020-05-01,71.885,72.3789,71.7118,71.9,1456241
2020-05-04,72.1185,72.1499,71.3963,71.7087,1815438
2020-05-05,71.3709,71.4395,70.9859,71.0857,1354157
2020-05-06,70.8375,71.3521,70.5488,71.1421,1298472
2020-05-07,71.3462,71.9781,71.0252,71.8937,1458101
2020-05-08,71.7869,72.2997,70.5323,70.6877,1310972
2020-05-11,70.7033,71.2635,69.8404,70.0614,1490867
2020-05-12,69.8981,70.5205,67.9364,68.6942,1381668
2020-05-13,68.7796,69.6328,67.9435,69.6271,1271249
2020-05-14,69.8004,70.6569,69.6927,70.0041,1774343
2020-05-15,70.0935,70.2267,69.038,69.403,1419785
2020-05-18,69.4123,71.7057,69.1589,71.4948,1493456
2020-05-19,71.3953,71.5449,69.5583,69.8456,1293435
2020-05-20,69.8934,71.4787,69.0185,71.0162,1614044
2020-05-21,71.3249,71.6913,70.7,70.979,1622076
2020-05-22,71.2803,71.8701,69.5002,69.7461,1617007
2020-05-25,69.9483,70.1869,68.9791,68.9976,1433718
2020-05-26,69.0436,70.2422,68.6868,69.5042,1430366
2020-05-27,69.3854,71.0055,69.1264,70.9222,1258335
2020-05-28,70.9541,71.0322,70.7176,70.8347,1626711
2020-05-29,71.2502,72.0865,70.8396,71.8308,1613303
2020-06-01,71.6238,72.5409,71.1201,72.2646,1798012
2020-06-02,72.4582,73.3789,72.0254,72.6141,1682575
2020-06-03,72.7791,73.0546,71.8965,71.9604,1264361
2020-06-04,72.0885,72.3947,71.6394,71.8795,1223612
2020-06-05,71.9687,72.0454,71.2743,71.5225,1492160
2020-06-08,71.8712,72.5177,71.7058,72.3089,1250933
2020-06-09,72.5234,74.5514,72.3135,74.2853,1486294
2020-06-10,74.2088,75.7382,73.8921,75.042,1683249
2020-06-11,74.8555,75.0403,74.4581,74.9034,1771749
2020-06-12,75.0782,75.2494,73.5826,74.3804,1808100
2020-06-15,74.4357,74.8573,73.4592,73.8789,1527135
2020-06-16,73.9379,74.3805,73.0655,73.5161,1433006
2020-06-17,73.1361,73.7338,71.2604,71.6128,1459848
2020-06-18,71.304,71.3086,69.3928,69.4015,1671756
2020-06-19,69.385,69.4109,68.7075,69.1645,1766994
2020-06-22,69.2558,70.1446,68.6743,69.9827,1824611
2020-06-23,69.6044,70.0548,69.2892,69.3412,1483197
2020-06-24,69.3303,69.5991,68.3498,68.868,1318977
2020-06-25,69.0765,69.3652,68.433,68.7433,1454198
2020-06-26,69.2103,69.7603,68.8807,69.1004,1571395
2020-06-29,69.5402,69.7781,68.4961,68.657,1431858
2020-06-30,68.8,69.0291,67.6433,68.175,1543545
2020-07-01,68.1844,68.2434,66.7875,67.3301,1457033
2020-07-02,67.1918,68.0047,66.5044,66.7351,1581833
2020-07-03,66.8016,67.7993,66.171,67.7843,1275979
2020-07-06,67.6843,68.3879,66.5423,67.0077,1519010
2020-07-07,67.0712,67.6746,66.9436,67.589,1530824
2020-07-08,67.6322,67.7945,66.4263,67.5206,1495992
2020-07-09,67.3209,67.5865,66.7224,66.8213,1482635
2020-07-10,66.9163,67.1958,66.6632,67.1317,1695396
2020-07-13,67.3568,67.7764,67.0079,67.1401,1299645
2020-07-14,67.3086,67.7419,66.1147,66.5334,1263271
2020-07-15,66.1639,67.0336,65.8929,66.6412,1527860
2020-07-16,66.7208,67.1281,66.4632,66.5327,1268456
2020-07-17,66.3338,66.7576,66.129,66.1881,1337236
2020-07-20,65.9457,66.055,65.6663,65.8392,1610482
2020-07-21,66.1111,66.6754,65.9001,66.1954,1583094
2020-07-22,66.3045,67.3319,66.1539,67.0996,1402426
2020-07-23,66.9538,67.5647,66.593,66.6497,1707246
2020-07-24,66.8757,67.305,66.0387,66.0703,1678347
2020-07-27,66.0457,66.2965,64.7489,65.685,1666803
2020-07-28,65.5732,66.2896,64.6593,65.4446,1719981
2020-07-29,65.2492,65.3256,63.8562,64.3369,1795948
2020-07-30,64.6433,64.6958,64.0666,64.2056,1663229
2020-07-31,63.8953,64.0855,63.5999,63.8035,1409296
2020-08-03,63.8032,63.9191,63.1203,63.3154,1229690
2020-08-04,63.6572,64.2519,63.354,63.8288,1315437
2020-08-05,63.6418,63.8925,62.413,63.1252,1438816
2020-08-06,63.0565,64.0662,62.3756,62.503,1376314
2020-08-07,62.2872,62.3725,61.1632,61.7354,1609574
2020-08-10,61.5813,61.9563,60.2941,60.4927,1652253
2020-08-11,60.2981,61.4297,59.9082,61.2839,1377824
2020-08-12,61.5005,63.0652,61.4921,62.7744,1559358
2020-08-13,63.0755,63.764,63.0266,63.4587,1359889
2020-08-14,63.3548,63.4897,63.166,63.2786,1357126
2020-08-17,63.2732,63.9368,62.8632,63.5478,1608091
2020-08-18,62.9021,64.8183,62.8737,64.7589,1272702
2020-08-19,64.7731,64.9044,63.6578,64.2231,1649877
2020-08-20,64.2843,64.6154,63.4512,64.1063,1527386
2020-08-21,63.9126,64.3901,62.7306,63.0687,1393740
2020-08-24,62.8861,64.2435,62.4642,63.4562,1706809
2020-08-25,63.3236,63.8964,63.0506,63.7666,1547396
2020-08-26,63.3747,63.4537,62.1565,62.6938,1263856
2020-08-27,62.539,62.8546,61.7081,62.0326,1533313
2020-08-28,61.9983,62.5719,61.662,62.3699,1804413
2020-08-31,62.3048,63.0313,62.1023,62.7277,1423910
2020-09-01,62.4703,62.4762,61.7039,61.8334,1609348
2020-09-02,61.6728,61.9059,60.756,61.19,1702756
2020-09-03,61.3075,61.7706,60.7878,61.15,1736791
2020-09-04,61.2694,62.0674,60.8328,61.5343,1795168
2020-09-07,61.3726,62.6617,60.7943,61.9454,1457461
2020-09-08,61.9422,62.0099,61.3199,61.6394,1248554
2020-09-09,61.2145,62.1989,61.0643,61.2607,1224452
2020-09-10,61.1075,61.1986,60.2568,60.468,1722045
2020-09-11,60.6982,61.2656,60.0623,61.1863,1720798
2020-09-14,61.4568,61.7195,60.1286,60.638,1392851
2020-09-15,60.4525,61.1921,60.3604,60.8072,1277315
2020-09-16,60.4297,61.0871,60.3989,61.0429,1564474
2020-09-17,61.1083,61.3016,60.2064,60.9049,1647762
2020-09-18,60.8625,61.0848,59.6194,59.7347,1790865
2020-09-21,59.4429,60.0838,59.0129,60.0138,1394853
2020-09-22,59.8907,60.134,59.5645,59.6214,1250270
2020-09-23,59.4916,59.8365,59.0384,59.6233,1344967
2020-09-24,59.5741,60.0294,58.8993,59.35,1366950
2020-09-25,59.3397,60.9854,59.1313,60.6966,1377785
2020-09-28,60.8076,61.4971,60.3427,61.4909,1370983
2020-09-29,61.6867,62.1196,60.2614,60.5024,1349514
2020-09-30,60.4239,60.4733,60.1566,60.3667,1391570
2020-10-01,59.9575,60.2777,59.8058,60.0422,1370794
2020-10-02,60.0216,60.2882,60.0054,60.1626,1448104
2020-10-05,60.2148,60.3143,59.717,59.7744,1542432
2020-10-06,59.9271,60.1127,59.5316,59.5708,1621664
2020-10-07,59.8803,59.9192,58.9775,59.0764,1479234
2020-10-08,58.9619,59.2954,58.5736,58.6628,1324582
2020-10-09,58.6157,59.3087,58.167,59.3058,1726199
2020-10-12,58.9504,59.5639,58.9235,59.3978,1449524
2020-10-13,59.471,59.7313,58.7838,59.1444,1526565
2020-10-14,59.1008,60.8814,59.0045,60.5197,1300247
2020-10-15,60.4963,60.6215,59.9879,60.27,1767126
2020-10-16,60.2549,61.4659,60.2122,61.1791,1382037
2020-10-19,61.5319,62.2041,61.3886,62.0481,1580397
2020-10-20,61.8429,62.636,61.7191,61.8729,1271259
2020-10-21,62.2214,63.0614,61.7857,62.7828,1667509
2020-10-22,62.814,63.6654,62.1124,62.9583,1637134
2020-10-23,63.4078,63.4537,62.3866,62.6162,1292356
2020-10-26,62.5592,62.9629,62.0862,62.6425,1336604
2020-10-27,62.6507,63.6355,62.5227,63.5386,2034760
2020-10-28,64.0257,66.2216,63.5609,66.0372,1983811
2020-10-29,65.1959,66.0222,63.9043,64.3816,2036233
2020-10-30,64.0606,64.9286,62.0466,62.9144,1962353
2020-11-02,63.2732,63.4464,62.0097,62.9792,1754090
2020-11-03,63.2254,64.1343,62.9029,63.2132,1574670
2020-11-04,63.0441,63.512,62.3354,62.4281,1482691
2020-11-05,62.6114,64.1249,62.1969,63.3583,1496734
2020-11-06,64.0164,65.8548,63.0036,65.8516,1943207
2020-11-09,66.1178,66.4757,64.8359,65.0292,1697193
2020-11-10,65.4826,69.3637,64.9245,67.8066,1934904
2020-11-11,68.0449,69.8708,68.0114,69.064,1482560
2020-11-12,68.8179,70.7269,66.014,66.2818,1729325
2020-11-13,66.2951,67.6079,65.8562,66.6103,1837324
2020-11-16,66.6705,67.2389,64.0234,64.8336,1711917
2020-11-17,64.6817,65.2097,62.5137,62.9943,1874118
2020-11-18,62.8522,63.0194,62.4456,62.7887,1556921
2020-11-19,62.472,62.9774,61.2029,61.4746,1816391
2020-11-20,61.8206,64.2533,61.1973,63.4201,2030201
2020-11-23,63.735,64.1207,61.9036,63.1247,1890871
2020-11-24,63.2762,63.8545,63.1734,63.4418,1580451
2020-11-25,63.6027,64.6237,62.1459,62.73,1431882
2020-11-26,62.9779,63.2255,62.0611,63.1351,1441158
2020-11-27,63.1132,63.5701,62.4231,62.5987,1626274
2020-11-30,62.3196,62.5367,62.111,62.4447,1611400
2020-12-01,62.3868,63.1058,62.3759,62.8122,1880271
2020-12-02,62.7305,65.9143,62.0873,65.7378,1978112
2020-12-03,65.6186,66.4903,65.0749,65.7513,2097853
2020-12-04,65.5946,66.3619,63.656,64.2916,1436591
2020-12-07,64.4039,67.0613,63.7856,66.1216,1712643
2020-12-08,65.6109,65.8854,63.5409,64.7622,1418728
2020-12-09,64.9853,68.1568,64.9649,67.4894,1644589
2020-12-10,68.1297,68.1382,66.8001,66.9172,1858386
2020-12-11,67.1986,68.3086,67.1917,67.3361,2078836
2020-12-14,67.234,68.2145,64.7935,65.6743,2024195
2020-12-15,65.7972,67.2359,65.4037,65.9239,2011464
2020-12-16,65.7624,68.879,65.2125,68.4821,1607357
2020-12-17,68.356,69.1221,66.7885,66.8318,1936335
2020-12-18,66.7201,68.0363,66.6824,66.9743,1567351
2020-12-21,66.9696,68.1635,64.5952,64.6538,1818916
2020-12-22,64.7224,66.0719,64.1909,65.9615,1465854
2020-12-23,65.4849,65.6139,63.9986,64.7641,1500888
2020-12-24,65.4422,67.2457,64.3133,66.2898,1803173
2020-12-25,66.0486,66.5784,65.5079,65.5925,2098238
2020-12-28,65.9148,66.4489,64.8009,65.4704,1861251
2020-12-29,65.5259,65.905,64.586,64.9364,1306061
2020-12-30,65.1455,65.3346,64.434,64.5879,1636474
2020-12-31,64.8038,66.0856,64.464,65.5299,1784144
2021-01-01,65.4314,65.8067,64.5957,64.7495,1572312
2021-01-04,65.0744,66.3771,64.6878,65.8575,1674196
2021-01-05,65.6593,66.2304,63.7181,63.9882,1815952
2021-01-06,64.0149,64.3102,62.519,62.977,1319281
2021-01-07,62.709,64.0336,62.6083,63.6938,1502057
2021-01-08,63.9021,64.8054,63.8964,64.4237,1572794
2021-01-11,64.7053,65.4987,64.1625,65.116,1753325
2021-01-12,65.2351,65.522,65.1328,65.2868,1737572
2021-01-13,65.3791,65.4956,64.2801,64.4434,1578278
2021-01-14,64.5683,64.7517,64.3785,64.5774,1810145
2021-01-15,64.5384,65.0649,63.4195,63.4713,1435120
2021-01-18,63.6377,64.869,63.4786,64.6407,1642962
2021-01-19,64.5678,64.9955,64.1249,64.6371,1824180
2021-01-20,64.3221,64.8505,63.6352,63.6681,1626245
2021-01-21,63.5562,63.6303,63.1879,63.4427,1623356
2021-01-22,63.3897,64.0155,63.3084,63.3633,1493380
2021-01-25,63.1313,63.3617,62.9033,63.0796,1748250
2021-01-26,63.2848,63.9763,61.8678,62.399,1555430
2021-01-27,62.1098,62.4974,60.8658,61.6746,1336444
2021-01-28,61.5749,62.1438,61.2148,61.4489,1241274
2021-01-29,61.0881,61.6502,60.743,61.0163,1445693
2021-02-01,61.2682,62.3467,60.7803,62.1918,1277100
2021-02-02,62.0432,62.0786,61.0687,61.1059,1280797
2021-02-03,61.1999,61.3779,60.7136,61.1398,1571624
2021-02-04,61.1682,63.167,60.9274,62.6373,1464824
2021-02-05,62.4249,64.33,62.3701,63.7325,1424898
2021-02-08,63.6974,64.5302,63.3834,64.0902,1369770
2021-02-09,64.2267,64.4514,62.9499,63.856,1797197
2021-02-10,63.8784,64.4329,63.6424,64.3494,1519868
2021-02-11,64.2211,64.6842,63.8971,64.2893,1752620
2021-02-12,64.3703,64.8962,64.2225,64.282,1399171
2021-02-15,64.5771,64.9476,63.8004,64.1132,1485586
2021-02-16,64.3186,64.5076,63.4522,64.079,1281910
2021-02-17,63.7288,64.6701,63.0214,64.54,1744444
2021-02-18,64.4154,64.9411,63.7421,63.8565,1384375
2021-02-19,64.0676,64.9604,63.6608,64.5221,1269872
2021-02-22,64.3275,64.575,64.0384,64.4391,1619762
2021-02-23,64.5307,64.6705,63.7351,63.9213,1289503
2021-02-24,63.4593,63.6265,62.5445,63.1254,1693225
2021-02-25,63.0527,63.6074,62.0991,62.3223,1263249
2021-02-26,62.3962,63.9876,61.8876,63.2837,1519349
2021-03-01,63.3177,64.5365,63.2457,64.1214,1481433
2021-03-02,63.8017,65.0336,63.7863,64.8946,1424710
2021-03-03,64.8374,65.0055,64.0236,64.142,1783754
2021-03-04,64.2735,64.3552,62.3302,63.0235,1296670
2021-03-05,62.9652,63.1797,62.1869,62.4634,1403265
2021-03-08,62.4869,62.6398,61.9867,62.1928,1337823
2021-03-09,61.986,62.1403,61.2012,61.4961,1768102
2021-03-10,61.6178,61.9237,61.2952,61.8781,1742750
2021-03-11,61.9019,62.1502,61.5464,61.7078,1386396
2021-03-12,61.7096,62.1209,59.9362,60.8212,1338692
2021-03-15,60.788,61.3066,59.7494,60.2184,1380762
2021-03-16,59.8527,60.3832,59.7093,60.1587,1587518
2021-03-17,60.1388,61.3315,59.9411,61.1718,1365681
2021-03-18,61.4229,61.953,60.5623,60.9501,1786231
2021-03-19,61.1549,61.2728,60.674,60.8138,1378820
2021-03-22,60.8455,61.2898,60.7497,61.2092,1341445
2021-03-23,61.1263,61.282,60.334,60.4814,1448763
2021-03-24,60.6684,60.6884,60.4702,60.5919,1789789
2021-03-25,60.6812,62.1973,60.0729,61.4882,1373915
2021-03-26,61.4619,62.8546,61.1883,62.6772,1450483
2021-03-29,62.8126,62.9498,62.0432,62.1538,1822824
2021-03-30,62.7322,64.1,62.6312,63.6683,1290522
2021-03-31,63.6324,64.0713,63.4913,64.0577,1567372
2021-04-01,63.7072,63.8142,63.2327,63.424,1313765
2021-04-02,63.2483,63.5022,62.2275,62.4415,1417716
2021-04-05,62.3973,64.5038,61.8134,64.4356,1746496
2021-04-06,64.5212,64.756,63.82,63.8486,1688305
2021-04-07,63.7486,64.8111,63.6253,64.198,1586708
2021-04-08,64.0463,64.7146,63.5445,64.2893,1390464
2021-04-09,64.638,64.7311,64.4034,64.4713,1349785
2021-04-12,64.511,65.2634,63.8894,65.2175,1502482
2021-04-13,65.2882,66.7743,65.2262,66.1768,1283524
2021-04-14,66.2532,67.4338,65.937,66.4423,1591031
2021-04-15,66.6712,67.4397,66.0373,66.8906,1407544
2021-04-16,67.2498,67.6737,66.5754,67.357,1407746
2021-04-19,67.0971,68.2252,66.796,68.213,1610809
2021-04-20,68.3184,69.9573,67.8877,69.4748,1650605
2021-04-21,69.2607,69.3151,67.9256,68.4222,1625988
2021-04-22,68.7713,70.5882,68.4333,70.462,1754914
2021-04-23,70.4882,71.4558,70.4712,71.3419,1461118
2021-04-26,71.4395,72.2095,70.7747,72.0218,1339137
2021-04-27,71.8895,72.3622,71.8088,71.9807,1475872
2021-04-28,72.0302,73.7298,70.7427,73.4959,1787008
2021-04-29,72.8533,74.2533,71.8867,74.2358,1799382
2021-04-30,74.0967,74.3924,72.3263,72.7841,1685644
2021-05-03,72.9026,75.5708,72.6506,74.7706,1648671
2021-05-04,74.7674,75.6883,74.0881,74.7564,1375924
2021-05-05,74.7418,77.0335,74.5743,76.2307,1321025
2021-05-06,76.4784,77.9941,76.4706,77.4791,1411085
2021-05-07,77.4186,78.2126,76.331,76.5296,1742763
2021-05-10,76.7428,78.3594,75.9949,77.6127,1761426
2021-05-11,77.44,78.5889,76.9329,78.2722,1500872
2021-05-12,78.5018,78.6653,77.132,77.5761,1684476
2021-05-13,77.5905,78.0211,77.0669,77.33,1397602
2021-05-14,77.4888,77.6832,76.1125,77.1411,1750107
2021-05-17,77.2778,77.4633,75.7329,76.0402,1271141
2021-05-18,76.4216,78.1943,76.1169,77.9457,1233652
2021-05-19,77.6995,78.1348,77.3619,78.0724,1450627
2021-05-20,77.7793,77.8697,77.1405,77.2492,1305817
2021-05-21,76.8389,78.7679,76.4082,78.2589,1479845
2021-05-24,78.5798,78.6809,76.0123,76.933,1248570
2021-05-25,77.0961,77.7007,76.8679,77.4382,1569781
2021-05-26,77.6474,77.8322,76.4052,77.5698,1774816
2021-05-27,77.3322,79.2943,76.9509,79.056,1705430
2021-05-28,79.0627,79.6203,77.5283,78.1441,1553134
2021-05-31,78.2235,78.5585,77.4403,78.34,1447626
2021-06-01,78.3395,78.8619,76.4711,77.3674,1738706
2021-06-02,77.636,77.6454,76.5132,76.8375,1492392
2021-06-03,77.06,77.388,76.6263,76.9017,1668974
2021-06-04,76.7979,77.1188,76.6557,76.9613,1815307
2021-06-07,76.8524,77.3168,74.8691,74.9845,1568521
2021-06-08,74.7148,75.426,74.4603,74.6695,1751708
2021-06-09,74.9881,75.0255,74.1756,74.1761,1475271
2021-06-10,74.3206,74.8275,73.4761,73.9658,1248526
2021-06-11,73.7313,73.8453,72.8018,72.9784,1330876
2021-06-14,72.9404,74.4331,72.9361,74.2217,1690715
2021-06-15,74.8723,76.6834,74.4935,76.4147,1270340
2021-06-16,76.2123,77.8841,75.4872,77.5287,1548717
2021-06-17,77.4761,77.5835,76.5012,76.6179,1608136
2021-06-18,76.2604,76.5086,75.282,75.6043,1541949
2021-06-21,75.4216,76.6615,75.159,76.1564,1337747
2021-06-22,76.4108,76.9322,75.5244,75.8543,1603059
2021-06-23,76.1599,76.5443,76.1345,76.358,1617452
2021-06-24,76.3418,76.6645,75.7097,76.1584,1679779
2021-06-25,76.0214,76.5238,74.8623,75.3929,1650037
2021-06-28,75.3964,75.6859,73.5013,73.6776,1755955
2021-06-29,74.1644,75.113,74.0577,74.2095,1253807
2021-06-30,73.9239,75.9787,73.8284,75.9132,1525925
2021-07-01,76.1661,77.6024,76.12,77.0307,1400340
2021-07-02,76.7894,77.0585,75.9289,76.3814,1398177
2021-07-05,76.7239,76.8216,75.7972,75.8031,1322600
2021-07-06,76.1521,76.481,75.8271,76.1932,1227986
2021-07-07,75.9321,77.7464,75.6002,77.1803,1557156
2021-07-08,77.3383,77.7613,76.5197,77.3867,1657259
2021-07-09,77.4742,77.9969,76.8855,76.9535,1553988
2021-07-12,77.0306,78.256,76.8434,77.843,1682376
2021-07-13,77.7216,77.8573,77.1401,77.7825,1698236
2021-07-14,78.0144,79.6876,77.8174,79.3664,1823446
2021-07-15,79.2297,79.5961,78.3589,78.6675,1265666
2021-07-16,78.4695,78.8283,77.0317,77.7565,1502627
2021-07-19,77.7475,77.9878,77.1453,77.3197,1765763
2021-07-20,77.2651,77.6829,77.0066,77.1612,1801214
2021-07-21,76.8008,77.9908,76.7833,77.7096,1499103
2021-07-22,77.7307,78.6469,77.5354,78.2568,1403277
2021-07-23,78.649,78.8702,78.2571,78.7634,1547178
2021-07-26,78.7979,79.9332,78.5971,79.5333,1274249
2021-07-27,79.7499,80.2012,79.3577,79.6086,1234917
2021-07-28,79.7258,80.1836,78.9374,79.8977,1665404
2021-07-29,80.0198,80.8345,79.2501,80.3012,1229696
2021-07-30,80.5206,81.0833,80.3711,80.8786,1289930
2021-08-02,80.6109,82.3632,80.2761,81.7523,1259648
2021-08-03,81.766,83.3033,81.6202,83.0814,1273245
2021-08-04,82.9189,83.3277,82.6839,83.1982,1508117
2021-08-05,83.1697,83.4656,82.7927,83.3975,1564135
2021-08-06,83.4654,83.9073,82.672,82.9983,1324320
2021-08-09,82.8551,83.0826,82.7905,82.9617,1714283
2021-08-10,82.6777,82.8021,82.0287,82.5703,1281935
2021-08-11,82.3305,82.5667,81.9353,82.3196,1351333
2021-08-12,82.2242,82.3126,82.1935,82.2705,1511670
2021-08-13,82.2491,82.4764,81.5299,81.8801,1610478
2021-08-16,81.8557,82.332,81.6977,81.7161,1634544
2021-08-17,81.7352,81.808,80.7993,81.4908,1391799
2021-08-18,81.1212,82.4544,80.7809,82.0609,1728018
2021-08-19,81.8282,82.7667,81.5144,82.1533,1161345
2021-08-20,82.3631,82.4728,81.9388,81.9946,1445751
2021-08-23,81.9725,82.8345,81.5405,82.1627,1430543
2021-08-24,82.1505,82.2662,81.5184,81.645,1651377
2021-08-25,81.8122,82.7606,81.6385,82.4241,1444381
2021-08-26,82.4981,83.3765,82.0101,83.2836,1696476
2021-08-27,83.3339,84.7934,83.0898,84.6553,1593289
2021-08-30,84.6436,85.1597,84.2477,84.3685,1705013
2021-08-31,84.0728,85.4964,83.2884,85.3366,1625410
2021-09-01,85.0171,85.4653,84.3774,84.4043,1610635
2021-09-02,84.4194,84.4639,83.0421,83.4823,1211766
2021-09-03,83.623,83.6847,82.6308,82.7327,1327168
2021-09-06,82.6514,83.2234,81.3921,81.7029,1571436
2021-09-07,81.7053,81.8004,81.2005,81.2534,1223578
2021-09-08,81.0161,82.3619,80.5483,81.6085,1599139
2021-09-09,81.8008,82.1391,80.6815,80.8106,1380643
2021-09-10,80.9023,81.9152,80.5149,81.237,1499706
2021-09-13,81.276,81.4893,81.2405,81.4025,1270118
2021-09-14,81.5904,81.7874,80.9358,81.1078,1464074
2021-09-15,81.512,81.8061,80.2398,80.6525,1232780
2021-09-16,80.4036,81.2966,79.6987,80.9097,1639590
2021-09-17,80.9677,81.9771,80.0203,80.4341,1381606
2021-09-20,80.4901,80.6435,79.8229,79.9005,1530795
2021-09-21,79.7574,80.3024,79.3214,79.9567,1378424
2021-09-22,79.7221,80.7347,79.2377,80.6607,1230927
2021-09-23,80.5916,81.2849,80.1394,81.1019,1530830
2021-09-24,81.1267,81.6547,80.5159,81.3359,1304783
2021-09-27,81.5847,82.5662,81.4739,82.466,1635352
2021-09-28,82.9847,83.7179,82.9171,83.5302,1578614
2021-09-29,83.4642,84.2742,82.9703,83.516,1478009
2021-09-30,83.3532,83.3595,82.3948,82.5204,1703349
2021-10-01,82.339,82.8581,82.1092,82.5062,1625648
2021-10-04,82.6123,82.9172,81.8726,82.0686,1470405
2021-10-05,82.0263,82.1583,81.8513,81.8667,1625429
2021-10-06,81.9172,82.1301,80.2184,80.2578,1640165
2021-10-07,80.1739,81.6765,80.062,81.6634,1293903
2021-10-08,81.6726,83.0565,81.5585,82.7694,1627039
2021-10-11,82.8228,83.3997,82.8039,83.1081,1294869
2021-10-12,83.2467,84.2434,82.7021,84.033,1221959
2021-10-13,84.3591,84.3811,84.1933,84.3295,1671609
2021-10-14,84.2965,85.2278,83.9138,85.0791,1579938
2021-10-15,85.3499,86.2922,85.0587,85.6581,1371690
2021-10-18,85.7151,85.8174,84.9719,85.474,1264723
2021-10-19,85.8909,86.3752,85.3021,85.6356,1576646
2021-10-20,85.4115,85.807,85.0001,85.0223,1543624
2021-10-21,85.0962,85.8754,84.8392,85.526,1431373
2021-10-22,85.8148,86.0265,85.2912,85.3161,1304812
2021-10-25,85.2166,86.111,84.7717,85.734,1683508
2021-10-26,86.0344,86.4063,85.436,85.9185,1449916
2021-10-27,85.6741,87.196,85.4732,87.0893,1268968
2021-10-28,87.3778,87.9329,86.4068,86.754,1731199
2021-10-29,86.6615,86.9897,85.6991,85.8881,1168297
2021-11-01,85.584,86.1056,85.235,85.731,1163304
2021-11-02,85.6795,86.5171,85.6757,86.3691,1169099
2021-11-03,86.204,87.9505,86.0024,87.3956,1636705
2021-11-04,87.6982,88.3597,87.5879,88.1846,1287436
2021-11-05,88.1578,88.24,87.2664,87.7078,1595913
2021-11-08,87.5874,87.6519,86.8406,87.5626,1358689
2021-11-09,87.5037,87.5538,86.3809,86.8183,1544666
2021-11-10,86.7836,87.8133,86.6666,87.6772,1165373
2021-11-11,87.638,88.008,87.3367,87.4771,1487202
2021-11-12,87.7237,88.0268,87.0232,87.2028,1341750
2021-11-15,87.3961,87.6246,87.3441,87.5695,1186484
2021-11-16,87.6117,88.3879,87.163,87.9554,1634560
2021-11-17,87.7334,88.4487,87.3002,87.9486,1529670
2021-11-18,87.7939,88.2255,86.453,87.1125,1559625
2021-11-19,87.3045,87.4281,86.8132,87.0162,1708636
2021-11-22,86.7417,87.5443,86.4546,87.3617,1693833
2021-11-23,87.4706,87.7441,87.4145,87.4826,1407863
2021-11-24,87.4603,88.1331,87.2876,87.6992,1623384
2021-11-25,87.6475,87.8345,87.4789,87.5921,1472761
2021-11-26,87.943,88.4106,87.5542,88.0319,1253701
2021-11-29,87.7077,87.9773,87.4621,87.8812,1469650
2021-11-30,87.7139,88.7242,87.675,88.6797,1478445
2021-12-01,88.2472,88.8552,86.5349,87.2252,1628377
2021-12-02,87.3977,87.5857,86.891,87.2653,1397735
2021-12-03,87.0061,87.2035,85.9811,86.0646,1354620
2021-12-06,86.1425,86.6662,86.0094,86.2744,1273163
2021-12-07,86.3544,86.93,86.2936,86.5826,1570664
2021-12-08,86.8326,87.9246,86.2037,87.1683,1627126
2021-12-09,87.3995,87.4929,87.1435,87.1467,1259592
2021-12-10,87.2641,87.848,87.0773,87.721,1561864
2021-12-13,87.7002,88.7213,87.5134,88.3777,1280357
2021-12-14,88.3749,88.5828,88.0645,88.1807,1641787
2021-12-15,88.1555,88.1731,87.7342,87.9712,1400675
2021-12-16,87.7055,87.8593,87.0162,87.2736,1602197
2021-12-17,87.3374,87.4363,86.2875,86.3802,1358722
2021-12-20,86.2367,87.1258,86.0312,86.6602,1571563
2021-12-21,86.8789,86.8804,85.7216,86.2256,1577553
2021-12-22,86.381,86.4785,85.5405,86.1669,1582427
2021-12-23,86.2215,86.5173,86.1466,86.1593,1364419
2021-12-24,86.0241,86.859,85.9048,86.7363,1713349
2021-12-27,86.5561,87.0804,86.4236,87.0442,1477039
2021-12-28,87.2479,88.1291,87.1351,87.9326,1463637
2021-12-29,87.9098,88.9941,87.7523,88.8263,1474093
2021-12-30,89.014,90.2583,88.6334,89.8366,1630934
2021-12-31,89.847,89.9814,89.4488,89.575,1596124
2022-01-03,89.8767,90.9767,89.3025,90.7237,1386990
2022-01-04,90.4928,91.695,90.4293,91.4317,1645468
2022-01-05,91.2277,91.7279,90.7575,91.2558,1737710
2022-01-06,91.4444,92.1793,90.9565,90.9589,1389124
2022-01-07,91.2421,92.2296,90.5802,92.0998,1348092
2022-01-10,92.0085,92.3172,90.9389,91.4263,1699697
2022-01-11,91.501,91.8179,90.634,91.1593,1197347
2022-01-12,91.1334,92.1094,90.9892,91.8031,1434838
2022-01-13,91.7159,92.0884,90.9765,91.0614,1210964
2022-01-14,91.052,91.3639,91.0376,91.1836,1646719
2022-01-17,90.9694,90.9904,89.7246,89.8883,1188928
2022-01-18,89.7811,90.2551,89.2273,89.3515,1327787
2022-01-19,89.4836,89.907,88.4023,89.1532,1504721
2022-01-20,89.0263,89.9938,88.3646,89.859,1515616
2022-01-21,89.9419,90.0005,89.1069,89.1213,1188301
2022-01-24,89.0687,90.317,88.5247,89.8735,1690599
2022-01-25,89.7541,89.8076,88.897,88.9684,1430101
2022-01-26,88.7241,90.9899,88.2767,90.4758,1289021
2022-01-27,90.4538,90.7653,89.6656,90.6453,1309035
2022-01-28,90.3535,90.5645,88.8586,89.1661,1591050
2022-01-31,89.1517,89.535,88.86,89.0345,1548492
2022-02-01,89.0173,90.5445,88.6742,90.1863,1564685
2022-02-02,90.0959,90.8131,89.9803,90.3689,1438559
2022-02-03,90.2067,90.5134,89.2926,89.3164,1301725
2022-02-04,89.1741,89.2397,88.3267,88.8661,1366093
2022-02-07,89.0101,89.4162,88.6515,89.1362,1419021
2022-02-08,89.1928,90.2701,88.836,89.957,1571322
2022-02-09,89.7782,90.7256,89.2177,90.2585,1485878
2022-02-10,90.0148,90.1877,89.6172,89.6217,1342271
2022-02-11,89.583,90.5822,89.3084,90.4254,1202926
2022-02-14,90.3147,90.6207,89.7354,90.4431,1341975
2022-02-15,90.0957,90.6304,89.6029,89.973,1250497
2022-02-16,89.7921,90.0852,89.3831,90.0844,1713639
2022-02-17,90.2831,90.7707,90.177,90.5197,1730706
2022-02-18,90.8102,91.2023,90.3866,90.4608,1284568
2022-02-21,90.1172,90.2118,89.2128,89.3298,1658818
2022-02-22,89.8908,90.2229,89.3888,89.8346,1495078
2022-02-23,89.5051,89.7206,88.59,88.925,1500498
2022-02-24,89.3531,90.3213,87.8203,87.8799,1507758
2022-02-25,87.9585,88.2711,87.743,87.8149,1459151
2022-02-28,87.9978,88.1947,87.7424,87.9504,1462248
2022-03-01,87.8327,88.3014,87.4622,88.0331,1236446
2022-03-02,88.2109,88.605,88.1774,88.2836,1507904
2022-03-03,87.8911,88.1697,86.9445,87.6304,1250414
2022-03-04,87.9186,88.3066,87.4019,87.5302,1280145
2022-03-07,87.533,87.9329,87.0014,87.9256,1687272
2022-03-08,87.9398,89.2091,87.9237,88.5147,1814928
2022-03-09,89.079,89.8468,88.8597,89.5564,1751470
2022-03-10,89.3103,90.9532,89.1753,90.6794,1785347
2022-03-11,90.9561,91.6838,89.8299,91.5137,1578955
2022-03-14,90.9515,92.2618,90.7058,91.5438,1582499
2022-03-15,91.9375,93.6867,91.2894,92.7426,1771943
2022-03-16,92.3406,93.0487,91.2321,92.1392,1408691
2022-03-17,91.6202,93.3704,91.6101,93.0308,1509467
2022-03-18,92.959,95.5787,92.6788,95.5652,1792546
2022-03-21,95.4716,96.1935,94.8736,94.9374,1274956
2022-03-22,95.6305,96.7751,95.2759,96.4784,1700723
2022-03-23,96.4741,97.1022,95.1023,95.9378,1364852
2022-03-24,95.7544,98.2386,93.2257,96.9192,1927310
2022-03-25,97.9377,100.104,97.1174,100.0567,1723586
2022-03-28,100.2359,100.4461,99.2407,100.1885,1962390
2022-03-29,99.9126,101.5787,96.3979,97.5345,1785466
2022-03-30,97.8565,98.8095,95.4295,98.2967,1487649
2022-03-31,99.9837,103.1478,98.5596,100.1342,1654264
2022-04-01,100.145,102.7229,99.7689,102.4083,2093251
2022-04-04,102.3752,104.8196,99.2286,100.6503,1500610
2022-04-05,100.231,101.1997,97.2261,97.886,1430782
2022-04-06,97.5895,98.6922,96.8912,97.0438,1893474
2022-04-07,97.8376,98.0144,96.8844,96.9973,2047735
2022-04-08,98.07,98.7535,97.2364,97.5946,2047415
2022-04-11,98.0018,99.2402,97.4005,98.9666,1521386
2022-04-12,98.9735,102.8588,97.8033,101.9405,2070797
2022-04-13,101.9478,102.1578,99.5254,100.8415,1887750
2022-04-14,100.7257,103.5315,100.4957,102.0581,1712428
2022-04-15,101.5603,102.2111,100.8121,100.9164,1989104
2022-04-18,99.856,101.1466,98.9719,100.3591,2075207
2022-04-19,99.574,100.5705,97.2903,98.8699,1797558
2022-04-20,98.1782,99.4931,96.9432,99.1178,1645178
2022-04-21,99.5464,100.3362,99.0363,100.1649,1725208
2022-04-22,100.8151,103.1437,99.662,102.5983,1664841
2022-04-25,103.271,104.0111,101.4472,102.0803,1977052
2022-04-26,101.6582,103.3592,101.3132,102.5106,1921237
2022-04-27,102.709,103.1581,101.5504,103.0091,1564429
2022-04-28,102.4309,103.2387,97.3943,98.1876,1498832
2022-04-29,98.8323,101.8588,96.7512,100.2285,1641019
2022-05-02,100.265,100.9759,98.9479,99.9492,1553687
2022-05-03,100.4994,102.1052,96.3286,97.7819,1589561
2022-05-04,97.9061,98.3284,94.7638,95.2241,2068241
2022-05-05,95.2541,95.4533,92.9635,94.4377,1877439
2022-05-06,95.0091,95.2253,94.874,94.9817,1572859
2022-05-09,94.6936,95.7498,93.0687,93.201,1773391
2022-05-10,93.259,93.6378,92.1156,92.4224,2007411
2022-05-11,92.7915,94.5256,90.308,94.2825,1860220
2022-05-12,94.0647,95.0075,93.2766,93.5704,1720651
2022-05-13,93.2519,93.561,92.036,92.5432,1948933
2022-05-16,92.1057,93.1831,90.0065,92.1051,1606787
2022-05-17,91.2419,93.1661,89.8164,90.474,1569899
2022-05-18,91.009,91.9269,88.0494,88.3748,1604044
2022-05-19,88.3922,93.1182,88.1288,92.6205,1482952
2022-05-20,92.6533,92.9361,91.3404,92.7779,1694850
2022-05-23,92.2737,92.5047,90.6808,90.949,1460621
2022-05-24,91.0366,92.4128,88.3419,88.4359,1672206
2022-05-25,88.3243,89.1742,86.9717,87.3544,1741410
2022-05-26,86.9882,87.1015,85.3445,85.4663,2056813
2022-05-27,85.0172,86.343,82.9631,84.1594,1598323
2022-05-30,84.6683,85.5055,84.4021,85.4522,1899787
2022-05-31,85.0738,85.7943,81.6344,82.1582,1836149
2022-06-01,81.5123,82.0468,80.4358,80.9027,1493409
2022-06-02,80.7966,81.0506,77.7243,78.3923,1823275
2022-06-03,77.7384,78.5089,77.4004,78.41,1751890
2022-06-06,78.2952,79.7339,76.2698,77.4703,1692126
2022-06-07,77.9125,78.1447,75.0403,76.9889,1574209
2022-06-08,77.9649,78.3386,76.1652,76.2951,1714132
2022-06-09,75.6008,75.9108,71.4695,71.6726,2015817
2022-06-10,71.8212,74.8701,71.3739,74.7558,1530840
2022-06-13,74.4783,76.9216,73.62,76.3108,1997178
2022-06-14,76.0975,76.9434,75.4292,76.2202,1906466
2022-06-15,76.3217,78.0464,76.235,77.1574,1433695
2022-06-16,76.6062,78.1623,75.1061,75.5523,1713417
2022-06-17,74.9364,75.0575,72.6274,73.2141,1583890
2022-06-20,73.3653,75.3666,72.9529,74.9774,1891742
2022-06-21,74.9269,75.1608,73.0678,73.9277,1756566
2022-06-22,73.2695,73.4415,71.6018,72.684,1987186
2022-06-23,72.6919,74.3552,70.9529,71.1964,1854105
2022-06-24,71.5151,72.0758,69.5659,70.3289,2093766
2022-06-27,70.7064,71.1938,69.453,70.0514,1965186
2022-06-28,70.5357,71.0671,70.2841,71.0286,1952373
2022-06-29,71.2387,71.7302,71.0241,71.1768,1886971
2022-06-30,70.8133,72.2844,69.5386,70.3186,2043180
2022-07-01,70.0535,71.1135,68.2236,69.5036,2060346
2022-07-04,69.4925,70.9149,69.2693,70.5661,1522073
2022-07-05,70.0526,70.4144,69.3416,69.8523,1533873
2022-07-06,70.515,71.4926,68.2667,69.0463,1603077
2022-07-07,68.9111,69.2804,68.6779,69.2188,1932877
2022-07-08,69.8154,71.1791,68.4762,70.3057,1554631
2022-07-11,69.3773,70.3506,66.5559,67.2717,2049634
2022-07-12,68.0039,68.8396,67.5791,68.5185,2061047
2022-07-13,68.4224,68.9436,66.9079,67.0698,1929862
2022-07-14,66.7797,67.2984,66.6468,66.989,1429961
2022-07-15,67.1667,68.0835,63.7831,64.8712,1957476
2022-07-18,65.2621,65.6307,65.0607,65.2597,1638463
2022-07-19,64.8255,66.5112,64.3135,65.652,1654656
2022-07-20,65.8229,66.5509,65.6545,65.7563,1678012
2022-07-21,66.2569,70.1003,65.207,69.9929,1408260
2022-07-22,69.5506,70.2746,69.029,69.2427,1455762
2022-07-25,69.0404,69.3761,67.6867,68.5013,2074195
2022-07-26,68.7252,70.7629,67.8642,70.0775,2036280
2022-07-27,70.8307,72.3072,70.0341,72.1664,1864406
2022-07-28,72.7728,72.865,66.8503,69.0644,1761968
2022-07-29,68.7026,70.8488,68.2846,70.6919,1818345
2022-08-01,70.5174,71.7114,69.4339,71.6546,1978115
2022-08-02,71.8196,72.2614,70.6259,71.1347,1511969
2022-08-03,71.2011,72.1831,71.1732,72.0892,1647428
2022-08-04,71.7971,72.9015,70.9544,72.3534,1575263
2022-08-05,71.9555,73.7523,71.0078,72.3393,1950682
2022-08-08,73.1226,73.8038,72.4321,73.427,1810455
2022-08-09,73.0111,73.6755,69.4003,69.9575,1483846
2022-08-10,69.9417,71.9247,68.5224,70.1522,1533652
2022-08-11,69.4377,70.1325,67.0343,68.0051,1481689
2022-08-12,68.2439,71.4274,66.8486,70.4389,1418514
2022-08-15,71.1286,71.2174,70.3595,70.8711,1927938
2022-08-16,71.0106,71.9204,69.9999,70.6015,1546081
2022-08-17,70.6748,70.835,68.6659,69.3136,1473946
2022-08-18,69.0518,71.7179,68.9325,71.393,1857644
2022-08-19,70.6658,72.515,70.4002,72.1747,2075033
2022-08-22,73.1084,73.9789,72.4,72.6113,1494602
2022-08-23,72.8634,74.5025,72.1304,74.1196,1883774
2022-08-24,74.1138,74.4149,72.0152,72.584,2091038
2022-08-25,72.0579,72.1712,71.5889,71.6506,1642617
2022-08-26,72.2979,73.7474,71.0065,71.7654,2075433
2022-08-29,72.3124,72.8536,70.1888,70.6565,2075153
2022-08-30,70.7995,70.927,69.3497,70.1725,1758207
2022-08-31,69.6045,69.6475,68.2274,68.9256,1907054
2022-09-01,69.0056,69.3581,67.0185,67.2416,2044392
2022-09-02,67.4687,68.8605,63.825,64.3413,1925496
2022-09-05,63.5476,64.6437,62.5304,64.0924,2070379
2022-09-06,64.0155,64.4459,61.3399,62.0589,1671088
2022-09-07,61.6426,64.6561,61.2648,64.5596,1942694
2022-09-08,64.4271,64.4935,62.6709,63.1169,1652585
2022-09-09,63.0044,63.8283,61.567,63.3635,1469246
2022-09-12,62.8475,65.3396,62.1241,65.2478,1798196
2022-09-13,64.7988,65.0431,64.2617,64.265,1662563
2022-09-14,64.13,64.8924,62.0269,62.2332,1445830
2022-09-15,61.6977,61.7967,60.1202,60.2313,1733364
2022-09-16,60.8816,61.2881,59.4072,59.8482,1897157
2022-09-19,59.8073,60.6746,58.3798,59.0955,1590428
2022-09-20,58.5915,58.9567,57.8674,57.9485,1671433
2022-09-21,57.9148,59.6145,57.1878,58.5585,1748113
2022-09-22,58.3811,58.6044,56.8437,57.0925,1603219
2022-09-23,56.9618,57.1831,54.7604,55.789,2079580
2022-09-26,55.7953,56.4131,55.7642,55.94,1581542
2022-09-27,55.5607,55.9552,54.201,54.3001,1892513
2022-09-28,54.579,55.2063,53.88,54.3924,2078686
2022-09-29,54.9721,57.9106,54.2938,56.5478,1774340
2022-09-30,57.0554,57.2603,55.3177,55.9649,1539088
2022-10-03,56.7445,58.2456,56.1914,57.4482,1468841
2022-10-04,57.3404,57.5384,56.9027,57.4441,1638115
2022-10-05,57.0882,57.7234,56.5806,57.55,1808205
2022-10-06,57.907,58.3297,57.5149,58.3259,1561619
2022-10-07,58.1012,58.5831,56.9694,57.0925,1441405
2022-10-10,57.088,58.0084,56.9693,57.6426,2052002
2022-10-11,57.7861,58.1805,54.2702,54.7181,1654636
2022-10-12,55.3447,57.2668,53.9319,56.7307,1878137
2022-10-13,56.2857,56.9947,54.471,54.6433,1660453
2022-10-14,54.8577,55.5408,54.6934,54.8513,1637270
2022-10-17,54.8942,55.3445,53.3161,53.3165,2029172
2022-10-18,53.4323,54.822,53.3336,54.4057,1805078
2022-10-19,54.661,55.4,53.6694,53.9787,1722958
2022-10-20,53.9599,54.2259,53.1661,53.7022,1501077
2022-10-21,53.5396,54.5465,53.1602,53.9942,1688830
2022-10-24,54.2624,56.9337,52.9818,55.6611,1479345
2022-10-25,55.2681,57.2589,54.9471,55.951,2042182
2022-10-26,55.96,57.9201,55.3607,57.6266,1426703
2022-10-27,57.3304,57.9315,57.0194,57.4474,1736114
2022-10-28,57.7832,58.0126,57.3053,57.9017,1479916
2022-10-31,57.108,57.3263,55.5745,55.9227,1862001
2022-11-01,56.0788,56.4393,55.956,56.1082,1427111
2022-11-02,55.6245,56.0474,55.1561,55.5975,2004022
2022-11-03,55.5521,58.6377,54.4722,57.8933,1676851
2022-11-04,57.9828,58.2036,57.2013,57.7406,1556418
2022-11-07,57.8852,58.1849,57.7553,57.7563,1564274
2022-11-08,57.3662,57.6638,57.2978,57.6339,2028835
2022-11-09,57.6521,59.0808,57.0959,58.8956,1513912
2022-11-10,58.9278,62.2058,58.3416,60.4885,1962839
2022-11-11,60.0438,60.9139,59.2706,59.5313,1416520
2022-11-14,59.3307,61.1854,59.1698,60.3052,1868695
2022-11-15,60.649,61.1074,59.7957,59.856,1920297
2022-11-16,59.8723,60.5431,57.5383,57.6971,1667388
2022-11-17,58.0496,58.9521,57.2401,57.3213,1656596
2022-11-18,57.4674,58.3644,57.32,57.9932,1700186
2022-11-21,58.3123,58.3534,58.1406,58.3215,1556218
2022-11-22,58.6823,58.7338,57.2221,57.2459,1703926
2022-11-23,57.1262,57.8622,56.1045,56.18,1506150
2022-11-24,56.492,58.9459,55.6838,57.9401,1804260
2022-11-25,57.5079,58.1042,56.2883,57.1493,2088853
2022-11-28,57.8364,58.9167,57.1325,57.1593,1783036
2022-11-29,57.1287,58.3767,57.0009,57.1866,1937222
2022-11-30,57.1629,57.7592,55.234,55.7275,2029233
2022-12-01,56.4897,57.0664,56.4806,56.7438,1713538
2022-12-02,56.5873,57.2495,56.2692,56.3464,1768522
2022-12-05,56.8573,58.6667,56.194,58.3604,1851716
2022-12-06,58.0451,59.2741,58.0195,58.3371,1501810
2022-12-07,58.5701,58.6374,57.8143,58.0732,1758853
2022-12-08,57.7528,57.8003,57.2623,57.6446,1629301
2022-12-09,57.565,58.6826,56.7728,58.6182,1645148
2022-12-12,58.777,60.4421,58.437,59.8533,1578314
2022-12-13,59.8473,61.1509,59.8143,61.098,1796931
2022-12-14,60.8803,61.2,59.0536,59.7223,1811294
2022-12-15,59.4183,60.0372,58.9215,59.8745,1439063
2022-12-16,59.4842,60.1549,58.875,59.8234,1580639
2022-12-19,59.9126,60.5679,59.1226,59.3391,1540443
2022-12-20,58.9169,61.3054,57.8635,60.8833,1863398
2022-12-21,60.2708,61.6573,59.9813,61.3709,2076413
2022-12-22,60.8409,61.235,58.5964,58.8905,1948314
2022-12-23,59.3299,59.48,57.742,58.3468,1819634
2022-12-26,57.9649,58.0017,57.017,57.7155,1551037
2022-12-27,57.3388,58.4376,56.9319,58.0484,1685607
2022-12-28,57.9186,59.5502,57.1113,58.9934,1648713
2022-12-29,59.2697,59.8666,57.2952,57.5976,1685822
2022-12-30,58.0531,58.4881,56.4823,56.5385,1677814
2023-01-02,56.7566,56.8324,56.6231,56.6575,1549999
2023-01-03,56.8424,57.1376,53.3674,53.9661,1450996
2023-01-04,53.9901,54.9061,53.447,54.0033,1678684
2023-01-05,54.0124,55.1363,53.7768,53.9621,2068426
2023-01-06,53.8333,54.2152,50.3642,51.5338,1456837
2023-01-09,51.2563,52.5428,51.0641,52.196,1999981
2023-01-10,52.7198,54.2492,52.3666,53.9757,1959111
2023-01-11,53.9312,54.4439,52.0826,53.3585,1881726
2023-01-12,53.4095,54.0657,52.5996,53.8477,1869831
2023-01-13,53.7003,55.7086,53.4991,54.6057,1536930
2023-01-16,54.3749,54.4164,52.6777,52.8038,1921956
2023-01-17,52.8,53.2336,51.7939,52.4983,1812589
2023-01-18,52.1066,52.385,51.8147,52.1744,1597661
2023-01-19,51.7924,52.4989,49.8978,49.9914,1806370
2023-01-20,49.7198,50.025,48.9439,49.7596,2007803
2023-01-23,49.7287,50.5431,48.7547,50.1319,1920431
2023-01-24,50.2638,50.4666,50.0586,50.2606,1518930
2023-01-25,50.116,51.2482,49.7934,50.5896,1573378
2023-01-26,50.4214,51.3341,49.7411,50.045,1826032
2023-01-27,49.5459,50.289,46.7924,47.2887,2003214
2023-01-30,47.237,47.5687,45.6019,47.4607,1526957
2023-01-31,47.5857,48.4371,47.0747,47.4082,1455220
2023-02-01,47.3978,47.728,46.8141,47.0636,1822974
2023-02-02,47.2798,48.8243,46.9076,48.5105,2017149
2023-02-03,48.4996,48.661,47.743,48.482,1665900
2023-02-06,48.3178,49.232,47.5196,47.9275,1939892
2023-02-07,47.6116,48.5343,47.2864,48.3839,1771067
2023-02-08,48.0051,48.5331,47.5835,47.7743,1946574
2023-02-09,47.9166,47.9883,46.1252,46.1435,1546157
2023-02-10,46.199,46.2409,44.1613,45.0612,1905489
2023-02-13,45.0387,45.7518,44.2689,45.6478,1939635
2023-02-14,45.4853,47.2551,45.1856,47.1753,1942934
2023-02-15,47.4092,47.4668,45.5068,45.9202,1603620
2023-02-16,46.2353,46.3852,45.7392,46.217,1731053
2023-02-17,46.4207,47.1602,44.4325,44.9359,1996541
2023-02-20,44.7223,45.0994,42.9654,43.5464,1929448
2023-02-21,43.3192,43.3758,41.865,42.214,1616564
2023-02-22,42.2114,43.2257,41.8277,43.1084,1565009
2023-02-23,42.8645,43.2742,41.6796,42.5712,2080363
2023-02-24,42.6662,44.5868,42.5671,43.7384,1803662
2023-02-27,43.4133,43.8494,42.2335,42.5592,1757239
2023-02-28,42.2142,42.3717,41.4319,41.5477,1819486
2023-03-01,41.4205,41.4521,39.8187,40.1308,1829400
2023-03-02,40.3332,40.4532,39.4999,40.0691,1431593
2023-03-03,39.8298,40.2921,38.8396,39.1532,1692776
2023-03-06,39.1803,39.2243,38.3117,38.5942,1509261
2023-03-07,38.8251,39.395,37.1261,37.511,1753222
2023-03-08,37.7137,38.3506,36.959,37.4589,1553303
2023-03-09,37.4551,37.5264,36.9703,37.1005,2088628
2023-03-10,37.3836,37.5409,37.3012,37.4535,1837885
2023-03-13,37.2333,37.4645,36.4604,36.8789,1518963
2023-03-14,37.0434,37.288,36.7548,37.0502,1842660
2023-03-15,37.1013,38.8824,36.8158,38.2783,1903657
2023-03-16,38.3658,39.9753,38.1715,39.8495,1930308
2023-03-17,39.6742,40.4608,39.5724,39.9863,1458989
2023-03-20,40.1142,40.6083,39.7197,40.5398,1648869
2023-03-21,40.6338,42.2646,40.5232,41.3296,1743421
2023-03-22,41.0605,42.0623,40.5444,41.7095,1523818
2023-03-23,42.0566,42.6312,41.0352,41.3813,1816471
2023-03-24,41.2384,41.6159,40.4413,41.268,2064860
2023-03-27,41.2253,42.1761,40.4999,42.1025,1930872
2023-03-28,41.6862,41.8834,41.6822,41.787,2077722
2023-03-29,41.9554,43.1883,41.3608,42.6926,1581124
2023-03-30,43.0081,43.1862,42.4994,42.5002,1737009
2023-03-31,42.5188,43.712,42.2696,42.9544,1685758
2023-04-03,43.2965,43.6938,42.7379,43.3776,1697271
2023-04-04,43.2893,43.7077,43.2117,43.4323,1820852
2023-04-05,43.4219,44.256,43.2239,43.5669,1439823
2023-04-06,43.6785,45.2932,42.7207,44.4808,1441281
2023-04-07,44.1763,44.9317,44.0397,44.753,1921818
2023-04-10,44.8635,46.4191,44.6996,46.2368,1790818
2023-04-11,46.7715,47.3028,45.2971,45.7496,1643302
2023-04-12,45.6022,46.3676,45.1976,45.4424,1612550
2023-04-13,45.4727,45.6491,43.4984,44.1253,1492760
2023-04-14,44.0104,44.0766,42.5809,42.8134,1553713
2023-04-17,43.0214,45.2886,42.448,44.6667,1935103
2023-04-18,44.3799,44.8242,43.5368,43.6466,2092601
2023-04-19,43.4317,43.7186,41.4126,42.1386,1706829
2023-04-20,42.1473,42.2082,40.8984,41.0782,1434353
2023-04-21,41.0646,41.4235,40.6129,40.8905,1661641
2023-04-24,40.8964,41.8689,40.8941,41.5686,1763480
2023-04-25,41.7685,41.9825,40.814,41.3376,1677830
2023-04-26,41.2736,41.7136,40.6334,40.8801,1892817
2023-04-27,40.8302,41.0299,39.3279,39.5918,1928747
2023-04-28,39.6513,39.6975,37.8471,38.5081,1419182
2023-05-01,38.5895,39.5637,38.5362,39.1362,1742609
2023-05-02,39.3526,39.4619,38.4757,38.8238,1471049
2023-05-03,38.5682,38.7633,37.9093,38.1182,1619973
2023-05-04,38.3204,39.8263,38.1605,38.5737,2053855
2023-05-05,38.7366,41.2548,38.6918,40.8862,1523152
2023-05-08,40.9652,41.5433,39.3097,39.8011,1772623
2023-05-09,39.9741,41.1238,39.6208,40.4677,1486411
2023-05-10,39.8548,41.3543,39.7733,40.7884,1764211
2023-05-11,41.105,41.1194,39.4664,40.1633,2015382
2023-05-12,39.905,40.6435,39.8018,40.5272,1728902
2023-05-15,40.8274,40.9941,39.0276,40.4642,2087448
2023-05-16,40.1142,40.9732,39.4518,40.7285,1894621
2023-05-17,40.5174,40.9035,39.8503,40.1436,1687375
2023-05-18,40.2171,41.7481,39.5384,41.4417,1566045
2023-05-19,41.5677,42.0162,39.7983,41.012,1661425
2023-05-22,40.8419,40.8973,40.1992,40.3241,2025414
2023-05-23,40.0775,40.5123,39.1494,39.3177,1863353
2023-05-24,39.4207,39.6058,39.1632,39.2605,1686289
2023-05-25,39.0453,39.6296,38.9609,39.1643,1804764
2023-05-26,39.0805,39.509,38.6714,39.3553,1636229
2023-05-29,39.3484,39.6276,39.1915,39.2141,1971370
2023-05-30,38.9849,39.9416,38.9599,39.4365,1416453
2023-05-31,39.4374,39.8559,39.1462,39.6465,1847600
2023-06-01,39.3612,41.3383,39.3507,40.6152,1933577
2023-06-02,40.4487,40.7293,40.1748,40.1754,1269958
2023-06-05,40.2021,40.2025,39.4819,40.1345,1669178
2023-06-06,40.0445,40.1517,39.3819,39.4176,1452061
2023-06-07,39.5676,39.8179,39.3284,39.3939,1278409
2023-06-08,39.3773,39.7756,39.2145,39.2732,1687752
2023-06-09,39.1727,39.9137,39.1414,39.6885,1398867
2023-06-12,39.8821,41.4205,39.6372,41.0872,1603638
2023-06-13,40.9921,41.3099,40.4666,40.6506,1221668
2023-06-14,40.8528,41.7649,40.8513,41.7202,1507844
2023-06-15,41.5693,41.7813,41.536,41.5838,1824689
2023-06-16,41.6204,42.5007,41.4269,42.1182,1667204
2023-06-19,42.2534,42.8395,41.975,42.4121,1580510
2023-06-20,42.427,42.7399,41.9788,42.2861,1678214
2023-06-21,42.3024,42.6311,42.1804,42.24,1295105
2023-06-22,42.0256,42.7027,41.8052,42.3971,1469810
2023-06-23,42.3812,43.2328,42.3536,43.0587,1677502
2023-06-26,43.1838,43.3306,42.6737,42.6761,1798245
2023-06-27,42.6229,42.6364,42.3475,42.5428,1459279
2023-06-28,42.6861,42.7733,41.871,42.0919,1328157
2023-06-29,42.0673,42.7365,41.8662,42.4651,1344310
2023-06-30,42.4226,42.4348,41.3015,41.507,1722550
2023-07-03,41.4865,41.5312,41.0922,41.1716,1339008
2023-07-04,41.075,41.1162,40.1314,40.2684,1365995
2023-07-05,40.2571,40.6456,40.2543,40.3887,1817812
2023-07-06,40.492,40.6918,40.2818,40.6662,1503125
2023-07-07,40.7022,41.003,40.1693,40.3078,1473204
2023-07-10,40.4282,40.7676,40.3704,40.736,1310398
2023-07-11,40.7732,40.9485,40.6119,40.7457,1467109
2023-07-12,40.5984,40.8485,40.2168,40.4114,1745991
2023-07-13,40.5438,41.679,40.3858,41.567,1609139
2023-07-14,41.486,42.9188,41.4301,42.6251,1546024
2023-07-17,42.5515,42.7933,42.0938,42.2329,1480146
2023-07-18,42.1466,43.5764,42.0456,43.1529,1790476
2023-07-19,43.1766,43.5765,42.929,43.3495,1389363
2023-07-20,43.3199,43.475,42.4352,42.566,1546575
2023-07-21,42.5245,42.8174,42.3674,42.6452,1256278
2023-07-24,42.5914,42.9498,42.5004,42.5745,1481962
2023-07-25,42.5031,42.5806,41.8507,42.0867,1314953
2023-07-26,42.1132,42.4987,41.6582,41.6594,1244420
2023-07-27,41.6298,42.2232,41.1107,41.7415,1255819
2023-07-28,41.7928,42.7653,41.5792,42.4632,1281432
2023-07-31,42.4343,43.1862,42.4259,42.9248,1411726
2023-08-01,42.6278,42.9125,42.5466,42.882,1819491
2023-08-02,42.7728,42.8151,42.0657,42.1516,1377750
2023-08-03,42.0973,42.5057,42.0931,42.3984,1624930
2023-08-04,42.3964,42.6668,42.1794,42.5377,1493509
2023-08-07,42.6577,42.8166,42.1905,42.2412,1816650
2023-08-08,42.1348,42.6232,42.0129,42.1373,1279299
2023-08-09,42.2116,42.4871,41.8196,41.8401,1631037
2023-08-10,41.824,41.8729,41.7045,41.8577,1774963
2023-08-11,41.8992,42.5157,41.256,42.3911,1740626
2023-08-14,42.6053,42.8881,42.543,42.7271,1775082
2023-08-15,42.8191,43.5439,42.7486,43.2894,1485891
2023-08-16,43.0922,44.2927,42.6248,44.1487,1341665
2023-08-17,43.9696,44.1114,43.8202,44.0537,1513710
2023-08-18,44.0058,44.6232,43.8269,44.4618,1601904
2023-08-21,44.5499,44.6463,44.2179,44.2499,1494549
2023-08-22,44.3679,44.6249,44.1676,44.4675,1605707
2023-08-23,44.4603,44.6072,43.9403,44.0595,1502580
2023-08-24,43.9824,44.5086,43.748,44.404,1698957
2023-08-25,44.5373,45.163,43.9475,45.0441,1819906
2023-08-28,45.1829,45.2201,45.0273,45.0347,1391866
2023-08-29,44.8442,44.8579,43.9347,44.1709,1515371
2023-08-30,44.2012,44.5165,43.2552,43.3974,1318892
2023-08-31,43.4297,43.4379,42.6316,42.9543,1562294
2023-09-01,42.815,42.9213,42.5063,42.78,1361693
2023-09-04,42.7439,42.7993,42.5371,42.7866,1426764
2023-09-05,42.9403,43.0539,42.8638,42.9265,1292104
2023-09-06,42.6572,44.5376,42.5798,43.7775,1805803
2023-09-07,43.8616,44.1626,43.2425,43.5401,1622458
2023-09-08,43.7298,43.9919,42.9847,43.2899,1380149
2023-09-11,43.4324,44.1326,43.3936,43.6446,1268577
2023-09-12,43.7342,44.0297,43.0257,43.467,1361362
2023-09-13,43.7058,44.1968,43.0137,44.0369,1253224
2023-09-14,44.1289,44.3127,44.0969,44.2441,1710859
2023-09-15,44.2382,44.3847,43.5538,43.8239,1703520
2023-09-18,43.7201,44.3546,43.3903,44.2209,1223656
2023-09-19,44.0407,45.0258,44.0056,44.9574,1259953
2023-09-20,44.8697,44.8972,44.4569,44.7532,1793774
2023-09-21,44.3832,44.559,43.545,43.6842,1341070
2023-09-22,43.6383,43.7552,43.3295,43.4758,1486585
2023-09-25,43.3329,43.9359,42.8316,42.8902,1412060
2023-09-26,42.7809,42.9535,42.4157,42.608,1475842
2023-09-27,42.6652,43.011,42.3697,42.4327,1549574
2023-09-28,42.5412,42.6944,42.0787,42.5903,1738107
2023-09-29,42.5181,42.7475,42.3803,42.6624,1707696
2023-10-02,42.5575,42.7926,42.1815,42.3719,1824002
2023-10-03,42.4071,42.4551,42.264,42.2738,1454505
2023-10-04,42.1996,42.4169,42.055,42.2929,1775006
2023-10-05,42.1955,42.6569,42.1724,42.4414,1461756
2023-10-06,42.6496,42.7637,42.4129,42.5125,1477302
2023-10-09,42.3259,43.1629,42.186,42.9083,1590523
2023-10-10,42.8311,42.861,42.5261,42.7995,1486088
2023-10-11,42.9604,44.0471,42.9419,43.8359,1502541
2023-10-12,43.9518,44.0465,43.7155,43.8541,1455380
2023-10-13,43.9124,43.9647,43.2189,43.5225,1628383
2023-10-16,43.3956,44.6935,43.3109,44.5836,1592666
2023-10-17,44.7622,44.7893,44.2042,44.2675,1517580
2023-10-18,43.9886,45.2252,43.666,44.8699,1647489
2023-10-19,44.7173,45.2368,44.254,45.0233,1804592
2023-10-20,44.9484,45.3944,44.7773,44.7845,1685901
2023-10-23,44.7596,44.9228,44.5574,44.5929,1256164
2023-10-24,44.7622,45.7415,44.53,45.6675,1390802
2023-10-25,45.5568,45.9145,45.5371,45.6213,1328161
2023-10-26,45.6724,45.7803,45.5799,45.6082,1236658
